,Site,N,EC average,EC std,SSEBop average,SSEBop std,r2,nse,bias,rmse,pbias
0,AR-TF1,12,1.1550815245803339,0.5860272660511712,1.616666666666667,0.6422026490324082,0.4529963166450699,-0.16792311442221575,0.4615851420863328,0.6644846287680893,39.96126093818673
1,CA-Cbo,108,1.5554911403509382,1.45848132362298,1.6444444444444444,1.6364614968063245,0.7868647585197527,0.7838649201982947,0.08895330409350649,0.7572659561853679,5.718663500290816
2,CA-DB2,39,0.760650540427618,0.6374698564438693,1.6128205128205126,1.3221154275549007,0.8190070644802997,0.21384300396500067,0.8521699723928947,1.157133613483498,112.03173166929281
3,CA-DBB,108,0.8774520180473232,0.7557522175409074,1.587962962962963,1.2542054559434204,0.7848967444602918,0.38067371182558196,0.7105109449156399,0.9824454691251523,80.97433595250108
4,CA-ER1,108,1.5971806350898703,1.3183576920637785,1.453703703703704,1.508259250746631,0.6415236248160308,0.6270402740459062,-0.14347693138616646,0.9168261192709305,-8.983137425660892
5,CA-LP1,78,0.8826867479875554,0.7220211272978138,1.1679487179487178,1.3595734233353842,0.8022045167547818,0.6246805402662573,0.28526196996116276,0.8275633881215892,32.317463767472866
6,PE-QFR,72,2.80589452742115,0.43432822043243086,1.7680555555555557,0.6876836786928509,0.1413801658904968,-2.2336446459748243,-1.0378389718655947,1.2279983672573072,-36.987811256735114
7,US-ALQ,117,1.1693542688259249,1.02783840429818,1.494017094017094,1.6377702776836247,0.9221151579313807,0.7718005793253038,0.3246628251911695,0.7790158926434553,27.764282719653732
8,US-ARM,108,1.8447485920758606,1.210446435504322,2.3870370370370364,1.5697545848187107,0.5721595853335809,0.4514852758150466,0.5422884449611763,1.1571933156893202,29.396333315584723
9,US-Bar,144,0.9277228297034138,0.994384356132727,1.802777777777778,1.703880574808285,0.7291572899542871,0.3904969348473859,0.8750549480743641,1.3256042000388482,94.32288610964902
10,US-Bi1,144,2.4261945389226964,1.4564605618664153,2.5986111111111114,2.083266199384528,0.7485687358835292,0.7140902558144371,0.1724165721884148,1.1100588886314353,7.1064611440834
11,US-Bi2,144,1.9708818362624616,1.3573182486069986,2.2944444444444447,2.2951690760815615,0.7847908099576163,0.6780453146028569,0.3235626081819832,1.297773289565939,16.417149025817825
12,US-BRG,108,1.828768806120635,1.2291068204710305,2.240740740740741,1.854675175582725,0.8679155289179739,0.7458004191034826,0.4119719346201059,0.9307548014259124,22.527283560463907
13,US-BZB,144,0.7341733175397278,0.8331802382073235,1.0388888888888888,1.422157875389727,0.8936533801728366,0.7182007457520956,0.30471557134916105,0.7523232836711737,41.50458264681789
14,US-BZF,144,0.7921109076197725,0.9152298734434074,1.0847222222222221,1.4777283380855375,0.7907986495155024,0.6784583195359257,0.2926113146024498,0.8350260285188947,36.94070006960547
15,US-BZo,144,0.8074072859081348,0.9309498219331075,0.9826388888888888,1.3822718636543627,0.8754095393840474,0.7905086117784415,0.17523160298075413,0.6304684058474126,21.70299996533492
16,US-BZS,144,0.7808008606920915,0.7926375281936957,0.9826388888888888,1.3822718636543627,0.8317899865478203,0.6956732764831175,0.20183802819679741,0.7598892239731113,25.850128804659725
17,US-CF1,108,1.2104201702937953,1.279736615329902,1.3537037037037039,1.7006555045137406,0.772106928518202,0.7490157421244648,0.14328353340990865,0.8480463739515258,11.83750377979331
18,US-CF2,108,1.1815747177677705,1.0968317961045717,1.4064814814814814,1.732389260834796,0.7241023510194413,0.6596493713944322,0.2249067637137107,1.0059786702542293,19.034493573000976
19,US-CF3,144,1.019344069112851,0.9928600056952904,1.40625,1.6976420813480193,0.4753779607803383,0.4121252914652852,0.38690593088714903,1.2971054763962178,37.956362587548924
20,US-CF4,144,1.323813624495733,1.3497623024654648,1.4409722222222223,1.6448866815155367,0.6872756968301605,0.6820958490049207,0.11715859772648941,0.9242104105388848,8.850082485827071
21,US-CS1,29,1.033304017395381,1.001268667323599,1.0689655172413794,1.596223992578347,0.9024463210515663,0.797795069778919,0.03566149984599838,0.7052932399926353,3.4512108000788846
22,US-CS2,108,1.8211642179104681,1.4941135259089569,1.8824074074074075,1.7751571579079197,0.8755533914797231,0.8655102678856472,0.06124318949693955,0.6479796744815941,3.3628592575362353
23,US-CS3,36,1.3135999031500307,1.2155083926655736,1.3472222222222223,1.5851968982903055,0.811405539837422,0.7929885549611326,0.03362231907219136,0.7111531927477059,2.5595555383008612
24,US-CS4,42,0.9265582138164857,1.3514142792431276,1.157142857142857,1.494403030684315,0.8803992502591735,0.8548558764799139,0.2305846433263716,0.5625158335759864,24.886147452796877
25,US-DFC,116,1.685069605712443,1.4560015873007102,1.5353448275862072,1.6180640235812047,0.9169103312849314,0.904942724554441,-0.14972477812623627,0.49671618181501465,-8.88537646270897
26,US-DS3,17,3.5258668275315945,2.4596262473126407,3.552941176470588,2.7629507883463162,0.9457124246034565,0.9388436458680914,0.02707434893899395,0.6628716933329315,0.7678778088719899
27,US-EDN,62,2.8368276103733323,1.485378750876671,2.014516129032258,0.8109591112155153,0.666794400712152,-1.4085959375746997,-0.8223114813410739,1.2483892062302626,-28.98700923292466
28,US-EML,84,0.8245996584268647,0.6890199020155757,0.7464285714285714,1.2051542348497342,0.658811426858013,0.5969800746309781,-0.07817108699829312,0.7605106382601219,-9.479883504611744
29,US-GLE,100,1.5544562571312803,0.6804630805533805,1.6500000000000004,1.7650077975047376,0.3086828255796229,0.27680166739487644,0.0955437428687199,1.493457725410218,6.146441395851439
30,US-Ha1,108,1.373237951685937,1.1350433315644313,1.8824074074074073,1.6939600621859612,0.8166021154249826,0.6708374506335305,0.5091694557214705,0.9673605817385602,37.0780209719924
31,US-HB1,36,2.375495574171428,1.2854538489801444,3.636111111111111,1.5421974633207696,0.8736883099413129,0.17619049057671266,1.2606155369396825,1.380181356441948,53.06747571522564
32,US-HB2,36,2.0677281868497217,0.8485035667985554,3.041666666666667,1.5204087796191057,0.8134119365919735,0.27313890446804534,0.9739384798169451,1.2781118244281684,47.10186213115298
33,US-HB3,108,1.6272180079104517,0.9180937118635142,3.0694444444444446,1.4127231166656016,0.7004960545905745,-0.3864477132648183,1.442226436533993,1.655727304088939,88.63142059163845
34,US-Hn2,36,0.775875842716141,0.6423806687322356,0.7500000000000001,0.8923484265048682,0.36134092050739525,0.3463720788460922,-0.02587584271614097,0.71134868310835,-3.33504941016804
35,US-Hn3,36,0.46443507739369205,0.2982681579654461,1.6583333333333334,1.5599221592301147,0.11289643318824272,-0.5105773255355424,1.1938982559396416,1.890415110002653,257.0646176510907
36,US-Ho2,108,1.1328600567543747,1.1291900101990908,1.8703703703703705,1.7495131103327095,0.8153528826703871,0.5696604223699022,0.7375103136159958,1.1423596561190041,65.10162567907555
37,US-HWB,24,1.5934243834419295,0.9693365265278875,2.3041666666666667,1.9265827297297027,0.778202925647843,0.49253210423210614,0.7107422832247372,1.3435389030583331,44.60470735922056
38,US-ICh,144,0.2878650524628019,0.4456530613410622,0.6923611111111111,1.0431984076089826,0.5520430853418866,0.3009167987041035,0.4044960586483092,0.869196805073878,140.51586157738907
39,US-ICs,108,0.32267109940874117,0.48296159105239866,0.6842592592592593,1.0317539767817976,0.5923646569218564,0.37745958974712224,0.3615881598505182,0.8102889871993832,112.06090676019271
40,US-ICt,144,0.29980011321020594,0.4290415263594353,0.7076388888888889,1.0679750043636835,0.6043621048773488,0.3163789496868774,0.407838775678683,0.879945094565578,136.03689848933624
41,US-Jo1,108,0.6837829498884354,0.4918267919204128,0.5194444444444445,0.4179295503242957,0.16873714440829346,-0.5741494637030986,-0.1643385054439909,0.5219225649017505,-24.03372378191121
42,US-Jo2,108,0.7001774761119768,0.44328907256009026,0.9249999999999999,0.6205401626469829,0.2101721089657809,0.01219078154847164,0.22482252388802312,0.6138841829124483,32.109362491413265
43,US-KFS,72,1.0674488503805566,0.9236423465324899,2.4583333333333335,2.010658220303301,0.6588447302603457,0.049449891291767245,1.390884482952777,1.9466536474060487,130.29987174157452
44,US-KLS,72,1.2780896834092763,1.2185390851448228,2.7416666666666667,2.1556182734531344,0.48642464838962657,0.0014809277760593487,1.4635769832573906,2.139010738742333,114.51285479070067
45,US-Kon,72,1.8005385012935062,1.4111361067852692,2.363888888888889,2.263818633279143,0.7829037931260197,0.6517361639058787,0.5633503875953826,1.32665728472502,31.287883441018998
46,US-KS3,25,2.434265959701373,0.9166590495174199,3.968,1.1238772174930856,0.5824401047416452,-1.3602630301504521,1.5337340402986275,1.6917441603409527,63.00601765333729
47,US-Me2,108,1.1479621864087406,0.9328171988120355,2.460185185185186,1.9478691839826698,0.6281349556192773,0.0716792059696778,1.312222998776445,1.8680514668371255,114.30890444933333
48,US-Me6,126,0.7607270706623668,0.692538089241419,2.18968253968254,1.6897256281457944,0.3941964786983505,-0.3742110305568973,1.4289554690201733,1.9729343769767858,187.84075447400323
49,US-MMS,108,1.4496007032393157,1.3503467193864966,2.423148148148148,1.9911771036803423,0.8763216698127103,0.5684933462408761,0.9735474449088327,1.3019180532383905,67.15969733826137
50,US-Mo1,144,1.7796115623567101,1.1119595457934457,2.0027777777777778,1.7893212544623027,0.5144210590998736,0.4895812984797503,0.22316621542106793,1.2739089317817025,12.540164389892624
51,US-Mo2,144,1.7327760908298824,1.3284446086828319,2.110416666666667,1.7311509874238993,0.8067600674361475,0.7417260701190935,0.37764057583678423,0.8767222043518185,21.793962753486515
52,US-Mo3,144,1.5787635901882497,1.0730235963405361,2.025694444444445,1.8793596040586595,0.7773743938125894,0.6238679590532523,0.4469308542561947,1.1485947466750706,28.308915725811946
53,US-MOz,72,1.425639904393692,1.368916694188737,2.8291666666666675,2.1500368486852097,0.7767734976978444,0.28477912410501793,1.4035267622729748,1.80563065949037,98.44889708456066
54,US-Mpj,108,0.9166151312735518,0.47603731021376067,2.1268518518518524,1.1740660620399188,0.17782071555812223,-0.8949383205551957,1.2102367205783002,1.6086815639577037,132.03324702885806
55,US-Myb,144,2.7449387428855907,1.8471458512087187,3.160416666666667,2.031576560624364,0.8593571458585875,0.8169235451688883,0.41547792378107623,0.8662359691055928,15.136145564556717
56,US-NC3,108,3.418973849103278,2.1183897673122334,3.1259259259259267,1.6685306295514841,0.6999586471839789,0.4813531424900047,-0.2930479231773516,1.196052023145669,-8.571224470003234
57,US-NC4,144,3.430294078549165,2.058364235251898,3.029861111111112,1.5033798686712645,0.7018157176439598,0.3479743828647519,-0.400432967438054,1.2097282778236162,-11.673429690535926
58,US-Ne1,108,1.7724959076050297,1.5387822616398403,2.0833333333333335,2.1568192225771967,0.8549207692578609,0.7893639950015129,0.31083742572830353,0.9852808938082966,17.536707667116843
59,US-NGB,72,0.31128669025224487,0.41412853170991143,0.2958333333333333,0.5734593567139843,0.06906898500056385,-0.14266862744316944,-0.015453356918911539,0.6087314235702449,-4.964348750789577
60,US-NGC,72,0.786180550735436,0.5685405471342333,0.7777777777777778,1.1462396846691727,0.2784892642979847,0.27742887079999623,-0.008402772957658178,0.9675617002937019,-1.0688095692265305
61,US-ONA,108,2.487355721327561,0.8064661726371581,3.3685185185185187,1.120467871913474,0.664819984974344,0.031436683533723864,0.8811627971909574,1.0975983045408773,35.425684779845625
62,US-Pnp,144,3.229157814555968,2.1162075216677763,2.296527777777778,1.9304484494557774,0.27331993867179777,-0.2905301705517105,-0.93263003677819,2.1853905586062745,-28.881525473118856
63,US-RGA,24,2.2606379911836734,1.161871262746115,2.4625000000000004,1.334105301886526,0.45941699526224744,0.3982410795397482,0.20186200881632663,1.0131171700847132,8.929426542576655
64,US-RGB,36,2.2179003462857145,1.443410473313477,2.933333333333334,2.9000492606653623,0.3930107085152154,0.3137234225458817,0.7154329870476189,2.368850948241188,32.25721968282949
65,US-RGo,19,2.123946791886105,1.243047141819711,3.9578947368421047,3.036137127168462,0.8900376921691695,0.21974645062337328,1.8339479449560006,2.610349813517881,86.34622825590749
66,US-Rls,144,1.1279347348468771,0.9237115526309586,1.0875000000000001,0.9936071883572724,0.4431675402452623,0.3718322042591107,-0.04043473484687689,0.784764468306722,-3.5848470303883415
67,US-Rms,108,1.294750294855626,1.2775794123883448,1.9324074074074078,1.7558888211086006,0.757940807505902,0.6043785608866694,0.6376571125517818,1.0993017876417888,49.2494278692468
68,US-Ro4,144,1.0427666768004502,1.016098027520541,1.8097222222222225,1.8648504109357018,0.8744812959638663,0.5518464935358758,0.766955545421772,1.2440681529639823,73.55006277866904
69,US-Ro5,108,1.0876402814470505,1.099244257704014,1.7555555555555555,1.8483806164929322,0.7472410568704457,0.5426945054079183,0.667915274108505,1.244155392917512,61.40957497637707
70,US-Ro6,144,1.4522075088496276,1.30978063935383,1.6541666666666668,1.7535528370846296,0.695273536197391,0.6743645445874369,0.20195915781703902,0.9971752059824824,13.90704541784265
71,US-Rpf,144,0.7586652779685652,0.9019974284935829,1.0625,1.5214492079289708,0.7904165159280266,0.6625229927484609,0.3038347220314348,0.8807777310103015,40.04858675554465
72,US-Rwf,108,1.3396381563985573,1.3382126854087864,1.3314814814814813,1.2143725081040437,0.7896380065927682,0.7440687179498472,-0.008156674917075455,0.6114960048747737,-0.6088714984801279
73,US-Rws,108,0.8018222992757946,0.6569122879222093,0.8490740740740742,0.8191054352694283,0.4413474565013649,0.4190416995748796,0.047251774798279425,0.6214301202862051,5.89304822788755
74,US-Seg,144,0.515249369395671,0.44052159576807676,0.59375,0.531684057559503,0.3451516701451307,0.2650978668241376,0.07850063060432903,0.45420840343240904,15.235463693318318
75,US-Ses,144,0.4973942767432281,0.3811054051205259,0.42916666666666664,0.4672303455515232,0.3043478942856466,0.21318358933473125,-0.0682276100765615,0.4130042481953208,-13.717007466047487
76,US-Sne,108,3.3080040041739847,2.005253696997878,2.630555555555556,1.8156360505103364,0.7296485190452348,0.5265088769350832,-0.6774484486184291,1.2435542299406412,-20.479069788417302
77,US-Snf,74,2.1095945390450788,1.2068807402842041,2.6364864864864868,1.636197925221706,0.7392753528994508,0.6192241485432957,0.5268919474414081,1.0028041135300156,24.975981767563216
78,US-SRG,144,1.236742943455164,0.9333086325711817,2.0097222222222224,1.3284050821041238,0.4903587883686349,0.14939522596963395,0.7729792787670584,1.2209031353714377,62.50120793958518
79,US-SRS,36,1.2127390235487945,0.8665893972169306,1.7944444444444447,1.0732978402886377,0.6894132020181768,0.386754352871611,0.5817054208956505,0.8287437465519772,47.966249094007615
80,US-Syv,144,1.3524921946632034,1.2253967956926834,1.723611111111111,1.7670641018411135,0.7913913212450073,0.7085047388602633,0.37111891644790773,0.9507248076877151,27.43963461765659
81,US-Ton,144,1.050426038427879,0.8600719384963833,2.4534722222222225,1.486767422918719,0.555547858639514,-0.3690732052063719,1.4030461837943433,1.7335770327533173,133.5692502343348
82,US-Tw1,108,2.432531287821893,1.9342937225137464,2.7231481481481477,1.9388601758727533,0.7796330072410833,0.7438051548061126,0.29061686032625583,0.9768135942879986,11.947096499074279
83,US-Tw3,16,2.1397138939369205,1.2074906948705684,1.80625,1.2358364239116222,0.8323708995295188,0.7505209846124303,-0.3334638939369201,0.5976730041452749,-15.584508512181054
84,US-Tw4,129,2.5520807899003324,1.9937463598380114,2.5798449612403105,1.8807154491775715,0.8334459021496408,0.8115680317100776,0.02776417133997802,0.8132246122320378,1.0879033081496727
85,US-Tw5,60,3.139745274311243,2.0002895618616443,2.8200000000000003,1.913272110676243,0.880435520489212,0.8405486988848032,-0.319745274311243,0.7576020746369839,-10.183796657879663
86,US-UMB,144,1.1740071311705453,1.2703637212135295,1.7666666666666666,1.8484542777096813,0.89769692981822,0.726468082147717,0.5926595354961213,0.9633841359968799,50.48176623128425
87,US-UMd,144,1.0848860621996042,1.1608976842556957,1.9416666666666669,1.7538568886924566,0.8131680506168953,0.5153283840168317,0.8567806044670625,1.2167594248959117,78.97424755646152
88,US-Var,144,0.850572381235859,0.8856635285414018,1.7541666666666669,1.2167177560560618,0.4468488201551589,-0.1120692813026345,0.9035942854308077,1.278623083955301,106.23367339037146
89,US-Vcm,144,1.2202601419622758,0.8122179041489398,1.3923611111111112,1.247323280144472,0.7781867295107164,0.7056643034114765,0.17210096914883533,0.6743529609545181,14.103629482815297
90,US-Vcp,144,1.3544071299740261,0.8728161689814701,1.6256944444444446,1.537309725688416,0.5294082522164242,0.47249755195252663,0.2712873144704185,1.11265464966851,20.02996798131305
91,US-Whs,108,0.7565419341678005,0.4616115789617443,1.151851851851852,0.766041101052164,0.214482245545482,-0.07375889866778196,0.3953099176840515,0.7901062021844083,52.25221495737632
92,US-Wjs,144,0.8257318653317254,0.5936041271273577,0.7951388888888888,0.7321135092082309,0.5430522307688521,0.5358343990114279,-0.03059297644283649,0.49705182118180735,-3.704952869966599
93,US-Wkg,144,0.8498538176772541,0.6959788572065693,1.271527777777778,1.032118006645839,0.5484204517019192,0.3759515829111618,0.4216739601005237,0.8125035564017782,49.617234320721884
94,US-xAB,51,1.2951165990652844,0.8368422104943547,2.3705882352941177,1.7266492542085163,0.8190170047780558,0.24661545755418923,1.0754716362288335,1.48392650557105,83.04052600399271
95,US-xAE,107,1.4276789175630606,1.0728847241552106,2.1719626168224306,1.5597408101398542,0.8160455700574064,0.5397560461139242,0.7442836992593692,1.0531919362318298,52.13242908495174
96,US-xBA,108,0.19489590933914855,0.3342054843582594,0.32037037037037036,0.5554755913375709,0.1070585320351313,-0.019770516847730235,0.12547446103122184,0.5583367533901871,64.38024351392474
97,US-xBL,88,1.4728202857194128,1.0007867087723292,2.338636363636364,1.517971409342754,0.731635313182173,0.364124550168585,0.8658160779169507,1.2035604581483983,58.7862678367466
98,US-xBN,108,0.6565491123160255,0.6922408302385645,1.0851851851851853,1.5546021406949238,0.7511040621058974,0.49681246164850534,0.4286360728691597,1.0976508322918501,65.28621619136979
99,US-xBR,144,1.438228610093012,1.2135593048045936,1.802777777777778,1.703880574808285,0.8621119051157756,0.7692447048062984,0.3645491676847661,0.8156460968231324,25.347094691795224
100,US-xCL,123,2.020911543699647,1.4560494002998756,3.1934959349593495,2.1094922020223668,0.8202714980464294,0.46233809535800363,1.172584391259703,1.5404936660961812,58.022549028201084
101,US-xCP,144,0.7678060347572047,0.659622751489728,1.0180555555555555,1.2123866987811718,0.48257286944860417,0.41698769562591775,0.2502495207983509,0.9225008946204406,32.59280462382465
102,US-xDC,144,1.1589207033505613,1.2325205162239912,1.6875,1.8543796203107323,0.8036513128794442,0.6680963111103551,0.5285792966494386,1.0646122475374535,45.60961721723155
103,US-xDJ,108,0.7519539378943227,0.6752077405988424,0.9638888888888888,1.2847384790304832,0.7896268111225841,0.6303549341311143,0.2119349509945661,0.7774763724262042,28.184565611564203
104,US-xDL,144,2.5089376369525045,1.658776964853547,3.057638888888889,1.6989745924791415,0.8547651701483124,0.7470487025730084,0.5487012519363844,0.8515146270778843,21.869864115190506
105,US-xDS,111,1.8265842083485133,0.9351344191024941,3.125225225225225,1.165603118831891,0.4264703266151207,-0.8483834878738354,1.2986410168767122,1.5775444101214415,71.09669573081794
106,US-xGR,114,1.8181499204376135,1.380012861022301,2.613157894736842,1.653182137088485,0.8377260305500135,0.5979367070740065,0.7950079742992286,1.043649604103036,43.726205708486184
107,US-xHA,144,1.4420087034817566,1.2675021711416115,1.8673611111111112,1.6788203426253636,0.8594500422742248,0.7651999556933038,0.42535240762935483,0.8106624986400777,29.49721500309489
108,US-xHE,123,0.6603827316606516,0.6204269524747331,1.0276422764227642,1.2729403687763021,0.806862290475301,0.5541357396113706,0.36725954476211253,0.8465190772825792,55.61313570973792
109,US-xJE,144,2.265687386233272,1.0806711597591336,3.427777777777778,1.4876387844732852,0.706609666688625,0.07909057139103992,1.1620903915445064,1.4226324963659878,51.29085321327112
110,US-xJR,108,0.7048867887688313,0.5929717454409708,0.8861111111111114,0.7361758136888469,0.3812609328148271,0.2847462951191867,0.18122432234228,0.6197144376817043,25.70970618683461
111,US-xKA,144,1.501661467374496,1.0760446447054521,2.472916666666667,2.225636351211079,0.6104753571256334,0.32998778072739465,0.9712551992921709,1.8154418399735377,64.67870558004748
112,US-xKZ,144,1.4468272238392703,1.3181065466252653,2.365277777777778,2.2862409812611237,0.8707606762032044,0.5810770462027544,0.9184505539385077,1.4746055240828586,63.48032016575736
113,US-xMB,108,0.7152006957236033,0.3646527846654737,0.4574074074074075,0.449756674339405,0.06560223150584141,-0.5736430987432461,-0.25779328831619597,0.5615788572586642,-36.044887799692916
114,US-xML,103,1.2545436338551437,0.9123463636629419,2.3058252427184462,1.550384218206068,0.749709853059704,0.20846519939220876,1.0512816088633032,1.3726373731227703,83.7979310159801
115,US-xNG,144,1.0438863023256104,1.1143389218860547,1.6722222222222223,1.8500971225477227,0.8569460564095768,0.6362079290357489,0.628335919896612,1.112008008443946,60.191988198023175
116,US-xNQ,144,0.5710251909324675,0.5021152507465955,0.5423611111111112,0.7284027800232573,0.5517202890312309,0.5473048995351715,-0.028664079821356395,0.4883838165525378,-5.019757495207661
117,US-xRM,144,1.4535523230065555,0.8492637494083902,1.4465277777777779,1.535724388627203,0.6520259148715674,0.5872468618774088,-0.007024545228777546,0.9832076430190534,-0.48326744882825007
118,US-xSB,92,1.849146067522917,0.8001546708739787,2.566304347826087,0.9954045148143328,0.3851451506948251,-0.1732146965399901,0.7171582803031703,1.0722971112959314,38.783214203508685
119,US-xSC,56,1.867668531431434,1.2289623054077043,2.7339285714285717,1.7904064328540585,0.8616238277138133,0.564794189890411,0.8662600399971376,1.1705401187466287,46.381894079096114
120,US-xSE,133,1.9253453022942515,1.324846299486561,2.8210526315789477,1.8772986972573338,0.7349312051080433,0.4825867477330511,0.895707329284696,1.3452818962774977,46.521905874097826
121,US-xSJ,101,0.859201474261012,0.5533487948778664,2.2524752475247523,1.135217517430553,0.43713469180055164,-1.1144195000733097,1.3932737732637408,1.6425325127372372,162.1591460212609
122,US-xSL,108,0.8932373384369408,0.7691092519547437,1.386111111111111,1.4796727557721854,0.5710213611618778,0.40339356939224424,0.4928737726741704,1.1376001841370469,55.17836653992106
123,US-xSR,144,0.8064166518021028,0.5520249072722143,1.1819444444444445,0.6859889270832351,0.3955062178312169,0.06282289138763641,0.3755277926423418,0.6617816400699386,46.567465069471005
124,US-xST,144,1.2650117101686333,1.3540294686702445,1.713888888888889,1.7581622283323062,0.8791248984089917,0.7854369313943694,0.4488771787202557,0.811564803766319,35.484033476687564
125,US-xTA,144,2.072393112962276,1.134228300899134,3.136805555555556,1.5544093172531246,0.8438974299249561,0.3360049779234272,1.06441244259328,1.2622185988425456,51.36151225053099
126,US-xTR,144,1.2134895158998467,1.2626943381934828,1.7048611111111114,1.7548067795976374,0.857400775705114,0.7358448720371674,0.4913715952112645,0.8987638568597751,40.49244668149395
127,US-xUK,144,1.6857978551443413,1.485309377889403,2.7034722222222225,2.1276209897785074,0.8534654547478048,0.5721284481631126,1.017674367077881,1.3868763583890424,60.367520576228614
128,US-xUN,144,1.1473340325812496,1.2195536478245301,1.677777777777778,1.7748217459768272,0.8722959817431607,0.7214238622623321,0.5304437451965286,0.9334981689073668,46.23272125931336
129,US-xWD,108,0.8920712642460985,0.9753004466116519,1.664814814814815,1.8272247898591094,0.7770759551067049,0.4756192973366197,0.7727435505687162,1.317029007371087,86.62352230589697
130,US-xYE,109,1.01360464225768,0.8998088476539254,1.3972477064220183,1.629556785663827,0.7134100798034553,0.57194011318065,0.3836430641643384,1.0612565751602674,37.84937915337685
131,AU-ASM,180,0.48155863859759257,0.7334851677516804,1.026111111111111,0.6347800295451749,0.26337677465104753,-0.8891982487826835,0.5445524725135187,0.8700661752202784,113.08123847583306
132,AU-Boy,180,0.9948265286031911,0.3768909695006888,2.108333333333334,0.7690867398465667,0.24730570789269368,-1.8606690315138632,1.1135068047301422,1.2971774601977366,111.9297458114217
133,AU-Cpr,180,0.5147106374971924,0.2550783697607305,0.5877777777777777,0.40810990352864823,0.0731742233383726,-0.08474128234242584,0.07306714028058549,0.4238678539964752,14.195770391666725
134,AU-Cum,180,1.9384241777840445,0.7085189969497809,2.1122222222222224,1.0380824369346247,0.5887509204106545,0.5533774446447643,0.17379804443817776,0.6918189157530308,8.965944937648224
135,AU-DaS,180,2.4321920893625233,1.1457359974855643,3.778888888888889,1.2458193278486316,0.4624585911633978,-0.7699900323071756,1.3466967995263661,1.6528397069630418,55.36967270867717
136,AU-Dry,180,1.9826964809449596,1.1991641022340975,3.2083333333333335,1.0944693364784686,0.38226567373228193,-1.1066879902278126,1.2256368523883736,1.5841414992647034,61.81666554450286
137,AU-GWW,180,0.6402470097365491,0.3973046340786784,0.9188888888888889,0.4854058819863179,0.08417701801035449,-0.526356353428397,0.27864187915233973,0.5980304078663156,43.52099657083852
138,AU-Lit,180,2.9968493438614714,0.793618570197083,3.7061111111111114,1.314005513831144,0.4084266589755501,0.11421353672421275,0.7092617672496393,1.2332524021897004,23.6669143446413
139,AU-Lon,132,0.7940679535103794,0.757348725188934,3.9015151515151514,1.317410416641507,0.016200665835129423,-5.790332584271531,3.1074471980047718,3.419914892042476,391.33265412204474
140,AU-Rgf,180,0.7918110042491528,0.4984882516991989,1.2922222222222224,0.8450616026968543,0.27241553470227187,-0.08481337479447304,0.5004112179730695,0.8777203092273317,63.19831566973388
141,AU-Stp,180,0.8369941482870502,0.8304228108126896,1.1505555555555556,0.9419756501035246,0.43246324695272226,0.27088113867814057,0.31356140726850545,0.8021010889364518,37.4627956372484
142,AU-War,144,1.6605930195682128,0.8163967084919261,1.8722222222222225,1.2389057005629345,0.5137931808844367,0.4810657989945456,0.21162920265400956,0.8893673281278013,12.744194402854792
143,AU-Whr,99,1.364668425007927,0.48372023132503944,1.9939393939393943,0.9311851327160809,0.5987265518592186,0.072723748399801,0.6292709689314668,0.8921462258828412,46.11163835843945
144,AU-Wom,122,2.5747010776011434,1.1949114046645906,2.6049180327868853,1.3133046110824076,0.8346569070341288,0.8341091257914872,0.030216955185741693,0.5327083286258907,1.1736102279451763
145,BE-Bra,216,1.1191126198972583,0.8963149719508176,1.741666666666667,1.3145429836311753,0.9038846731466734,0.6062560853547198,0.6225540467694083,0.8229511818038484,55.62925801217064
146,BE-Lon,216,0.9209194829872602,0.8129713033002612,1.476851851851852,1.1146889424476947,0.7546278711566768,0.4853128764518092,0.5559323688645915,0.7978434775559174,60.36709822462103
147,BE-Vie,216,1.144517927707277,0.9323792746689061,1.7212962962962963,1.4211721939383084,0.8880630535073961,0.6406132824298423,0.5767783685890195,0.8500022339886754,50.39487408855486
148,CH-Aws,72,1.1266024667590353,1.05239687698381,0.8694444444444444,1.018648495524089,0.7653821607657671,0.6757042545810162,-0.25715802231459073,0.5760469741953388,-22.82597721043276
149,CH-Cha,216,1.851376970876768,1.177665060645636,1.8212962962962962,1.4465388314421215,0.8796071293226638,0.863859220906365,-0.03008067458047135,0.5324962659513217,-1.6247730772099784
150,CH-Dav,216,1.2834885370569367,0.6340641699050675,1.3222222222222224,1.2813752302195311,0.6784301403228191,0.569377898744416,0.03873368516528554,0.838912830888767,3.017844261710557
151,CH-Fru,216,1.6702352531287983,1.1361419217907385,1.7296296296296296,1.5179704479311906,0.7902334148020496,0.7689580117725923,0.05939437650083149,0.7279492915758435,3.556048550021316
152,CH-Lae,216,1.7351272828841557,1.2914871092661937,1.95462962962963,1.5586747059383352,0.8282336417690891,0.8016682265787282,0.21950234674547386,0.6925386081168795,12.65050402415514
153,CH-Oe2,216,1.410140139217481,1.1922007272445865,1.5194444444444444,1.3742115427913864,0.7835923651270402,0.7769246851307117,0.10930430522696355,0.6475476085423181,7.751307986142356
154,CZ-BK1,216,1.338438537660293,1.0297345933827733,1.5462962962962963,1.3878158128529958,0.8163448274194443,0.7677146176185191,0.20785775863600364,0.6673215137675198,15.529869529859555
155,CZ-Lnz,216,1.5696833303454132,1.3934544219952962,2.234259259259259,1.9149916284733906,0.8702505453983168,0.7071407746556034,0.664575928913846,1.0339241720176209,42.338216636829806
156,CZ-RAJ,216,1.019956433320239,0.7216427649722603,1.7879629629629632,1.4820926495592945,0.8014497234723125,0.36494647973385486,0.7680065296427239,1.1783461078958768,75.29797396763811
157,CZ-Stn,216,1.260692067039623,1.2109027058074135,1.9500000000000002,1.6587751154755521,0.8460661315865402,0.6365473867635625,0.6893079329603771,0.9977087105018004,54.676946970803165
158,CZ-wet,216,1.2621459430151971,1.09106884993973,1.6314814814814813,1.4984424873940154,0.8529828266779803,0.7537530555771028,0.3693355384662847,0.7418530015361856,29.262506488272066
159,DE-Akm,130,1.6958847668054917,1.1413362938267886,1.8092307692307692,1.4422982388877232,0.8551069157389033,0.831090692235159,0.11334600242527759,0.5904797973249813,6.683591046034659
160,DE-Geb,216,0.9122720285413976,0.8310395412844096,1.2277777777777776,1.2959926308528171,0.6486034586432736,0.5621254538805085,0.3155057492363802,0.8555979524064886,34.584612852904435
161,DE-Gri,216,1.178953048270572,0.9330011731593163,1.787037037037037,1.5668123523444306,0.8004594152637183,0.5596105511308137,0.6080839887664652,1.037355929722982,51.578304128266595
162,DE-Hai,216,0.810019168954759,0.7810063088904357,1.8157407407407409,1.5202914064017414,0.8079566948686384,0.21996163748817943,1.0057215717859818,1.3396062835489986,124.16021871232445
163,DE-HoH,216,1.4936123598557,1.1193474725710262,1.8398148148148148,1.4373709731256403,0.8113681441509135,0.7381984295830755,0.34620245495911495,0.7337487059618786,23.178869180793473
164,DE-Hte,36,1.5573378220586274,1.2700002063808895,1.6555555555555554,1.2643336911352485,0.9288250414723069,0.9209592942072048,0.09821773349692846,0.3504853644947427,6.306771215964917
165,DE-Hzd,216,1.3416545673978975,1.0129432501032982,1.8231481481481482,1.5084016787519403,0.74507305185427,0.6059788584652924,0.4814935807502509,0.9446460738712118,35.88804394592377
166,DE-Kli,216,1.1328305089178807,1.0577547325811854,1.3472222222222223,1.2996928677143678,0.6680013835608989,0.6406524516300642,0.2143917133043414,0.7773031598644405,18.925312446708013
167,DE-Obe,216,0.8175204640461102,0.7262493571857291,1.488888888888889,1.3910901419195454,0.7451424284406934,0.3947572752619831,0.6713684248427788,1.0797231578970043,82.12252223265592
168,DE-RuR,216,1.5097658641511937,1.0613490118009932,1.6509259259259261,1.3561570445089424,0.8938188812469458,0.8564287059384325,0.1411600617747324,0.5126679242080568,9.349798212194582
169,DE-RuS,216,1.4062721148093176,1.046869535990573,1.3712962962962965,1.095704163597891,0.6587672922067358,0.6370691918278321,-0.03497581851302136,0.6585633898624498,-2.487130203656487
170,DE-RuW,216,1.7773340144679448,0.789228603323112,1.5898148148148148,1.2874304543738544,0.2443557528360973,0.20895171029378778,-0.1875191996531299,1.1423985167348272,-10.550588585301162
171,DE-Tha,216,0.872399810502313,0.7666730523916766,1.7481481481481482,1.426883511255992,0.6846589973683525,0.22204065520041816,0.8757483376458354,1.2556231803194373,100.38382942123684
172,DK-Sor,216,1.199337838694801,1.2043356165019141,1.502777777777778,1.3850670932172118,0.8504294134903054,0.7994358606849878,0.30343993908297684,0.6188562876473572,25.30062250126289
173,ES-Abr,216,0.830114869935271,0.5528113962807917,1.627777777777778,1.1348872156509924,0.6468183219386989,0.049933443397392474,0.7976629078425068,1.1036263816042624,96.0906660911526
174,ES-LM1,216,1.3368941920882291,0.8472413498632879,2.037962962962963,1.1950064779501441,0.753309900065389,0.3822680130271505,0.7010687708747338,0.9370497713879844,52.440108949808824
175,ES-LM2,216,1.2198240020827706,0.8033015547216413,2.037962962962963,1.1950064779501441,0.7319168876576443,0.2274154802060826,0.8181389608801924,1.047938062767819,67.07024615709095
176,FI-Hyy,216,0.8746993029698784,0.9254684384250147,1.2092592592592593,1.4075898607879143,0.9333347941352147,0.781339946991962,0.33455995628938096,0.656679121854466,38.24856783965016
177,FI-Let,216,1.043605220340507,1.123021100049699,1.3166666666666669,1.481137212367734,0.7689686154098146,0.720734115629351,0.27306144632615964,0.7809020988997405,26.165205099018696
178,FI-Sii,216,0.8812917786230072,1.0861270762184514,1.1712962962962963,1.3505589489507182,0.8908290792288183,0.8250089227786404,0.2900045176732891,0.5636556330907831,32.90675400676184
179,FI-Var,216,0.4460912133751441,0.5244737039310629,0.875925925925926,1.1860326965468568,0.7473568681333078,0.43707366103408773,0.4298347125507819,0.8877993055019304,96.35578995126022
180,FR-Bil,216,1.767258455772164,1.214420704650612,1.8342592592592595,1.4086881271057665,0.4639179478668777,0.42889213759072253,0.06700080348709524,1.0621021260342716,3.7912283440070307
181,FR-EM2,36,1.2398346559382558,1.1150845630801909,1.3194444444444446,1.0740628990478682,0.8466142475756094,0.8270214016451798,0.07960978850618847,0.4404622305862689,6.42100042331395
182,FR-Hes,216,1.4190122911071201,1.316474717036627,1.978703703703704,1.5382291797630774,0.8431219454906614,0.7062250473529692,0.5596914125965836,0.8318035746281396,39.44232309361533
183,IT-BCi,216,1.989373434936302,1.0835086838458186,1.4462962962962962,0.817076572760265,0.2932540109783932,-0.7660914085671553,-0.5430771386400054,1.0833323246198225,-27.298903720275842
184,IT-Cp2,216,1.1610186356305259,0.6981068144732472,2.2944444444444447,1.2321154682625264,0.31764203163478927,-0.5325230193899306,1.133425808813919,1.5217638655653782,97.62339501108683
185,IT-Lsn,216,1.3291664409388868,1.193482879507749,1.8435185185185188,1.5254292966867895,0.8268757366039998,0.6965404682333105,0.514352077579632,0.8383682622737971,38.69734156215287
186,IT-SR2,216,2.1935797368931764,1.196700084521702,2.6712962962962963,1.7374159334349566,0.8206972045314758,0.6975930472913505,0.4777165594031197,0.95321757339646,21.77794366753779
187,IT-Tor,216,1.3652504714483347,1.3876930611881386,1.0277777777777777,1.205246926998264,0.705091421660993,0.52918110038165,-0.33747269367055693,0.8250786156037311,-24.718738482657095
188,NL-Loo,36,1.7572868209692023,0.7118559966656879,1.8472222222222223,1.3559363893868663,0.115497049969067,0.07669390917399266,0.08993540125302,1.2846799263147595,5.1178555589131225
189,RU-Fy2,216,1.0406513673141735,1.0511896009177548,1.4009259259259261,1.5078396910886775,0.9092413176714318,0.7861493380309686,0.36027455861175234,0.6956692786703862,34.62010140260404
190,RU-Fyo,216,1.0718205839133703,1.0250162440236894,1.3972222222222224,1.5030176364580283,0.8044744610355709,0.7111799792345664,0.3254016383088519,0.8058794446162235,30.359711615237316
191,SE-Deg,216,0.6324550163646413,0.8987321941131569,1.1472222222222224,1.3476220803021262,0.8011396810222666,0.6024930630074277,0.514767205857581,0.8476817408831325,81.3919081259674
192,SE-Htm,216,0.9291867013460239,0.8247665748472028,1.4444444444444444,1.37521809404965,0.860759157994012,0.6121184224361634,0.5152577430984207,0.8545028368064637,55.45255246895118
193,SE-Lnn,36,0.6452448424561337,0.7417485390663151,1.0194444444444446,1.276786019535983,0.9108553716134568,0.6830500248603992,0.3741996019883109,0.7087551888873103,57.99342782251692
194,SE-Nor,216,1.0743011694951146,0.9319425112375975,1.4333333333333333,1.5005735337638602,0.8910518159529818,0.7292755954237542,0.35903216383821895,0.7789567416062075,33.420066368069946
195,SE-Ros,216,0.6190702456928897,0.6968118548179958,1.1314814814814815,1.3435564154571003,0.8091941646977683,0.5179637852299104,0.5124112357885918,0.9306536717672983,82.7710973598932
196,SE-Svb,216,0.7573687865420541,0.7732525509341446,1.114814814814815,1.3324441479504527,0.8855399493656692,0.6831319412513923,0.3574460282727609,0.7483083645138874,47.19576969956276
197,BE-Dor,36,0.8547761772761411,0.8274149238412966,1.8222222222222224,1.2752839708665702,0.786017433508452,0.13754868291917088,0.9674460449460813,1.1677690687651106,113.18121289118957
198,BE-Lcr,72,1.1729146815370193,1.1355715347747777,1.6694444444444445,1.1923038284788492,0.7028235490617579,0.5139414550379475,0.4965297629074253,0.8254564318676875,42.33298216173398
199,BE-Maa,108,0.787763576341241,0.6266039448882409,1.503703703703704,1.1975774554722187,0.7671963685143715,0.2820861324717875,0.7159401273624629,1.0099963262436829,90.88261362471705
200,CZ-KrP,108,1.2023819620828364,0.9807272402132936,1.5796296296296295,1.4286624853539787,0.8323858908744529,0.7109836671933222,0.3772476675467932,0.7644883033578102,31.375027191301395
201,DK-Gds,16,1.5093729969395175,0.7496200880292886,1.3625000000000003,1.2690547663517127,0.7935347016504808,0.6891789489267407,-0.14687299693951747,0.6850483350329314,-9.730729066792948
202,ES-Agu,108,0.55078296697067,0.3689456936184861,0.7333333333333334,0.4499221116393994,0.2463201195027344,-0.024632757506621417,0.1825503663626634,0.4533164368541707,33.14379298377694
203,ES-Cnd,108,1.125312081336846,0.6512450554333085,1.9722222222222225,0.8855890202416615,0.45628775550512274,-0.47040212204328435,0.8469101408853762,1.0688833076552093,75.26002385749432
204,ES-LJu,108,0.6099063315441766,0.35624459580615403,1.5583333333333333,0.8733997382663559,0.3270362943420148,-0.8900606037678334,0.948427001789157,1.195173440191531,155.50371470778225
205,FI-Ken,108,0.7511271465051165,0.8099678998024187,0.9185185185185185,1.241881911413823,0.7624667181344508,0.6952953615413641,0.16739137201340207,0.6823384510135015,22.285357784264537
206,FI-Qvd,96,1.0575354738827458,0.9976611754647428,1.421875,1.5029937230670485,0.8907475750619097,0.7529603128790381,0.36433952611725423,0.7431332909187578,34.45175458555354
207,FR-Aur,108,0.9132285687967552,0.7846079875683939,1.7685185185185188,1.2317185128839148,0.5896517385113351,0.08584049988965659,0.8552899497217635,1.1722020282896708,93.65562784010031
208,FR-FBn,108,1.388601225339765,0.6203437392073101,3.1138888888888894,1.5014919890383753,0.045627659732713065,-1.3268433056271474,1.7252876635491237,2.2797467199725174,124.24644542042498
209,FR-Fon,108,1.8854558825126364,1.1905815107988962,2.0638888888888896,1.6114925068669952,0.8125909127985732,0.7737672283648623,0.17843300637625237,0.7629324015426099,9.46365322207726
210,FR-Gri,84,0.9516624832049022,0.925986384739006,1.3809523809523814,1.1917867714270363,0.6024045798820762,0.47109159726639405,0.42928989774747883,0.8615652957119652,45.10946951504954
211,FR-Lam,108,1.1488231741141308,0.7985826484254728,2.1740740740740745,1.7093131577031946,0.6639562263875897,0.17997689717323162,1.0252508999599437,1.540687967576289,89.24357752014578
212,FR-LGt,108,1.0557961083483423,1.015576372208479,1.9259259259259258,1.329279923852414,0.7254382406160428,0.28525401690671637,0.8701298175775839,1.1185935695654619,82.41456950800762
213,FR-Tou,108,1.3916896032471655,0.901414069368891,1.788888888888889,1.1921341370093606,0.6318880205712468,0.5183355490496235,0.3971992856417234,0.8235262229507548,28.540795642574075
214,GF-Guy,108,2.6647928654133173,0.4341756212329932,3.277777777777779,0.9731280456067521,0.1885707477352539,-0.21206856081247483,0.6129849123644611,1.066383934050855,23.003097926314258
215,GL-Dsk,36,0.3556938932235992,0.4285648955333507,0.3277777777777778,0.49199948380409103,0.6523387032950928,0.6450086169211755,-0.027916115445821447,0.28903891916035085,-7.8483538732762534
216,IE-Cra,36,0.7397070396823747,0.5872319487190792,1.4194444444444443,0.996513764350339,0.8193696991217971,0.24099910867799867,0.6797374047620698,0.8560265141564894,91.89278569715175
217,IL-Yat,108,0.8024532025487529,0.4644697922130265,1.5481481481481483,0.623448576371553,0.22608507373964526,-1.290534044742627,0.7456949455993952,0.9391804079390247,92.92690754188754
218,IT-BFt,72,1.6047139669833024,1.0290452771038205,2.5375,1.8094772025308505,0.8554687139522874,0.45909410412529195,0.9327860330166976,1.3215296139618307,58.12786902891109
219,IT-Lav,108,1.731369486914203,1.010285485777861,1.8962962962962961,1.5975405118772292,0.8575541073233668,0.7605710168376867,0.16492680938209311,0.7780728329968707,9.525800854677184
220,IT-MBo,108,1.6383571218990658,1.4065792377064419,1.4685185185185188,1.3879082727203684,0.8113292858418485,0.7835103366534475,-0.1698386033805472,0.6427755639298207,-10.36639699064405
221,IT-Ren,108,1.9438749116115275,1.7473641702071188,1.3925925925925926,1.4033140817034628,0.7938209834598594,0.5125929169057939,-0.5512823190189349,0.9751710781121895,-28.35996882957382
