,Site,N,EC average,EC std,v3L1 average,v3L1 std,r2,nse,bias,rmse,urmse,r,pbias
0,AR-TF1,12,1.1550815245803339,0.5860272660511712,1.2833333333333334,0.5982297116315671,0.8412387532650567,0.7872040761049606,0.1282518087529995,0.2642137109109686,0.2309986116515183,0.8412387532650567,11.103268992168855
1,CA-Cbo,108,1.5554911403509382,1.45848132362298,1.4435185185185186,1.7108927083446654,0.8687722673891524,0.8581109464194769,-0.11197262183241943,0.6414713029872434,0.6316229607258794,0.8687722673891524,-7.198538064778499
2,CA-DB2,39,0.760650540427618,0.6374698564438693,1.107692307692308,1.1428000274912529,0.8982864772465556,0.6515668006809471,0.3470417672646897,0.6658700806057571,0.5682824790715604,0.8982864772465556,45.62433717191495
3,CA-DBB,108,0.8774520180473232,0.7557522175409074,1.111111111111111,1.0805271587563032,0.8570288818246601,0.7586047696774256,0.23365909306378801,0.5284209660361593,0.47395373780063793,0.8570288818246601,26.629272969680056
4,CA-ER1,108,1.5971806350898703,1.3183576920637785,0.9185185185185185,1.0766118668319573,0.6637368838498181,0.09468784691101773,-0.6786621165713517,1.01962000743412,0.7609485469404931,0.6637368838498181,-42.49125625876153
5,CA-LP1,78,0.8826867479875554,0.7220211272978138,0.5871794871794871,0.7592475725722647,0.8461051385562982,0.6916838020322914,-0.29550726080806805,0.41887037371283037,0.29686335035507266,0.8461051385562982,-33.47815762293899
6,PE-QFR,72,2.80589452742115,0.43432822043243086,2.7680555555555557,0.4171757453447077,0.07871558121117687,-0.5080677344681626,-0.037838971865594644,0.5087359177920835,0.5073267647777991,0.07871558121117687,-1.3485528944800287
7,US-ALQ,117,1.1693542688259249,1.02783840429818,1.3076923076923077,1.697978201707784,0.9293596863336892,0.793997410512643,0.13833803886638313,0.7673694654009144,0.7547969815998791,0.9293596863336892,11.83029322715687
8,US-ARM,108,1.8447485920758606,1.210446435504322,1.677777777777778,1.3174127386614793,0.6871653779183954,0.6628785828306736,-0.16697081429808286,0.7613687397175294,0.742834507135805,0.6871653779183954,-9.051141982994753
9,US-Bar,144,0.9277228297034138,0.994384356132727,1.4180555555555554,1.6378244472375307,0.7873294916150974,0.6185739966185362,0.4903327258521419,1.0079970723937843,0.880699674073318,0.7873294916150974,52.85336418948509
10,US-Bi1,144,2.4261945389226964,1.4564605618664153,2.565277777777778,1.5423313315516662,0.8113916063584162,0.8013060860095568,0.13908323885508142,0.6851043676388564,0.6708381676883163,0.8113916063584162,5.732567468264048
11,US-Bi2,144,1.9708818362624616,1.3573182486069986,2.10625,2.0613397350986338,0.7056000070377028,0.6683020232021968,0.1353681637375387,1.1830626915873481,1.1752926412056819,0.7056000070377028,6.868405870249838
12,US-BRG,108,1.828768806120635,1.2291068204710305,1.9175925925925925,1.8883226351775952,0.871113998960163,0.7891105292526568,0.0888237864719577,0.8631448001844872,0.8585623338129283,0.871113998960163,4.857026551124277
13,US-BZB,144,0.7341733175397278,0.8331802382073235,0.9715277777777778,1.3459425269811063,0.9158522013432028,0.7703119314780513,0.23735446023804999,0.6428098249252692,0.5973837386685038,0.9158522013432028,32.329486044718074
14,US-BZF,144,0.7921109076197725,0.9152298734434074,0.9138888888888891,1.2975830739192893,0.8204080143665697,0.7713666598552911,0.1217779812691165,0.618289291899267,0.606178003358185,0.8204080143665697,15.373854860179772
15,US-BZo,144,0.8074072859081348,0.9309498219331075,1.0381944444444444,1.4276978646395022,0.9321131339870001,0.8075823873333271,0.2307871585363097,0.6240875137714819,0.579846973174997,0.9321131339870001,28.583734945707217
16,US-BZS,144,0.7808008606920915,0.7926375281936957,1.0173611111111112,1.4099213815859746,0.8584294872786615,0.6973459555799153,0.23656025041901962,0.7729562449113827,0.7358672464984402,0.8584294872786615,30.297129822492224
17,US-CF1,108,1.2104201702937953,1.279736615329902,0.9601851851851853,1.7437707458218468,0.8086692192438273,0.7605366460950905,-0.2502349851086099,0.849354376721123,0.811655905838811,0.8086692192438273,-20.67339848177451
18,US-CF2,108,1.1815747177677705,1.0968317961045717,0.9333333333333333,1.6657629948885848,0.7913579499318192,0.7155220975445717,-0.24824138443443747,0.8843363762094101,0.8487797366462427,0.7913579499318192,-21.00936832022056
19,US-CF3,144,1.019344069112851,0.9928600056952904,0.9187500000000001,1.702198033970532,0.5302601401217962,0.5057448411178126,-0.1005940691128509,1.1925386484005316,1.1882883745910693,0.5302601401217962,-9.868509776134696
20,US-CF4,144,1.323813624495733,1.3497623024654648,0.9979166666666668,1.7932846275047234,0.732162016884032,0.6882979275729424,-0.32589695782906625,0.9977134874344346,0.94298641341556,0.732162016884032,-24.61803926162241
21,US-CS1,29,1.033304017395381,1.001268667323599,0.8758620689655174,1.690446934227285,0.8425169728474273,0.7275322883768791,-0.1574419484298637,0.8670398948068945,0.8526254817100877,0.8425169728474273,-15.23674986058053
22,US-CS2,108,1.8211642179104681,1.4941135259089569,1.6972222222222226,1.803965431281477,0.8756712335831027,0.8593430038090856,-0.12394199568824565,0.673424467357608,0.6619206107538069,0.8756712335831027,-6.805646326087595
23,US-CS3,36,1.3135999031500307,1.2155083926655736,1.1166666666666667,1.750673339848741,0.8507286914715547,0.7857106929120372,-0.19693323648336422,0.7990760979497538,0.7744287641111942,0.8507286914715547,-14.991873553820732
24,US-CS4,42,0.9265582138164857,1.3514142792431276,1.0261904761904763,1.9199923175417353,0.9083267465341368,0.8434689665921681,0.0996322623739907,0.7505281749054186,0.743885712741614,0.9083267465341368,10.752941465340447
25,US-DFC,116,1.685069605712443,1.4560015873007102,1.4215517241379312,1.9434977895976402,0.8112124599827661,0.7697134738153733,-0.2635178815745121,0.9286204445823575,0.890446099540459,0.8112124599827661,-15.63839740988607
26,US-DS3,17,3.5258668275315945,2.4596262473126407,3.0882352941176476,2.5980479097153832,0.9840267672756711,0.9518307318249296,-0.4376315334139472,0.5531815797756845,0.3383614948023477,0.9840267672756711,-12.41202673897716
27,US-EDN,62,2.8368276103733323,1.485378750876671,0.9354838709677421,0.5408241355905162,0.8344648776117947,-15.087847945298979,-1.9013437394055899,2.1516623172911715,1.0072451103251794,0.8344648776117947,-67.02359115700263
28,US-EML,84,0.8245996584268647,0.6890199020155757,0.5130952380952382,0.8634171061857413,0.6752585854279398,0.5429645571153017,-0.3115044203316265,0.5802230695151527,0.48951384710898943,0.6752585854279398,-37.776443047029765
29,US-GLE,100,1.5544562571312803,0.6804630805533805,1.183,1.3310628395490134,0.6466038880469533,0.48214879900406094,-0.3714562571312801,0.9530565056228765,0.8776884139306549,0.6466038880469533,-23.896218078004694
30,US-Ha1,108,1.373237951685937,1.1350433315644313,1.9092592592592594,2.0551979706372805,0.9385105499627328,0.6963892213598923,0.5360213075733223,1.127177383848658,0.9915694693198711,0.9385105499627328,39.03338870843498
31,US-HB1,36,2.375495574171428,1.2854538489801444,2.136111111111111,1.1489505218186298,0.9175416319842269,0.8469951772186585,-0.23938446306031735,0.4431356177926879,0.37291319982246635,0.9175416319842269,-10.077243067220387
32,US-HB2,36,2.0677281868497217,0.8485035667985554,2.6833333333333336,1.4279855941650312,0.9009873337611719,0.5837996328228023,0.6156051464836118,0.9083596357879377,0.6679427606851396,0.9009873337611719,29.77205371570208
33,US-HB3,108,1.6272180079104517,0.9180937118635142,2.359259259259259,1.2880498217737575,0.7815781217439165,0.4262163856267973,0.7320412513488079,0.9711509601938658,0.6381612600347496,0.7815781217439165,44.98728798416133
34,US-Hn2,36,0.775875842716141,0.6423806687322356,1.0222222222222221,0.9121751433049972,0.6397511765673822,0.5555901168043633,0.24634637950608132,0.5995878995928776,0.5466434950152105,0.6397511765673822,31.75074747058579
35,US-Hn3,36,0.46443507739369205,0.2982681579654461,0.9861111111111112,0.8747743473205869,0.19526433790529277,-0.18072117241074936,0.5216760337174191,0.9372436057737752,0.7786396422021485,0.19526433790529277,112.32485639218957
36,US-Ho2,108,1.1328600567543747,1.1291900101990908,1.4592592592592593,1.5743289350411678,0.8670816918612194,0.7779339207295759,0.3263992025048845,0.7384423591180928,0.6623901254880462,0.8670816918612194,28.81196142090249
37,US-HWB,24,1.5934243834419295,0.9693365265278875,1.9041666666666668,1.7789784969902316,0.81889415037585,0.6574247469221788,0.3107422832247373,1.019311653597781,0.9707911621850088,0.81889415037585,19.50153935472658
38,US-ICh,144,0.2878650524628019,0.4456530613410622,0.19722222222222224,0.4139092911748917,0.6988291937890979,0.5925841706103385,-0.0906428302405797,0.2632757734533188,0.24718011694596453,0.6988291937890979,-31.48795918959027
39,US-ICs,108,0.32267109940874117,0.48296159105239866,0.1824074074074074,0.38349809091964204,0.591804611063156,0.21661399787228242,-0.14026369200133365,0.3378555993741669,0.3073637954194225,0.591804611063156,-43.469555302086626
40,US-ICt,144,0.29980011321020594,0.4290415263594353,0.20347222222222222,0.42679701443507256,0.67773483335727,0.593309792867831,-0.09632789098798368,0.27123142328100375,0.25354964482887005,0.67773483335727,-32.13070534114276
41,US-Jo1,108,0.6837829498884354,0.4918267919204128,0.3953703703703705,0.26382671290258514,0.1787066346912727,-3.105352016171828,-0.288412579518065,0.5320763781048337,0.44712800864282004,0.1787066346912727,-42.178966229725646
42,US-Jo2,108,0.7001774761119768,0.44328907256009026,0.5462962962962964,0.3587168007826291,0.2842613590390064,-0.39512866507766287,-0.15388117981568059,0.4217342376781613,0.39265805700190853,0.2842613590390064,-21.97745358364983
43,US-KFS,72,1.0674488503805566,0.9236423465324899,1.6375000000000002,1.6129264366798766,0.6696096314704107,0.48259761283569125,0.5700511496194435,1.1521040424910003,1.001191995344377,0.6696096314704107,53.40313490582845
44,US-KLS,72,1.2780896834092763,1.2185390851448228,1.8527777777777779,1.7541076317388768,0.439012625631185,0.329132986629868,0.5746880943685014,1.4267155123888124,1.3058524983634148,0.439012625631185,44.964614129075315
45,US-Kon,72,1.8005385012935062,1.4111361067852692,1.6361111111111113,1.7813830325360125,0.8259309339151205,0.803683869533627,-0.16442739018239527,0.7837873144028864,0.766345997299324,0.8259309339151205,-9.13212297678004
46,US-KS3,25,2.434265959701373,0.9166590495174199,1.98,0.5715476066494083,0.5696293077246647,-0.8093377475892043,-0.45426595970137285,0.7532651044910912,0.600874991575257,0.5696293077246647,-18.66131175564319
47,US-Me2,108,1.1479621864087406,0.9328171988120355,1.8212962962962962,1.815563604258372,0.6948109674854297,0.45373363471946315,0.6733341098875558,1.3356532020258798,1.1535123113967702,0.6948109674854297,58.65472903719933
48,US-Me6,126,0.7607270706623668,0.692538089241419,0.8119047619047619,0.7822641132361514,0.25088107064591136,0.09878853890073125,0.051177691242395296,0.7396674275565289,0.7378948077518847,0.25088107064591136,6.7274707600236665
49,US-MMS,108,1.4496007032393157,1.3503467193864966,2.1212962962962965,2.106556339698182,0.9566507120534057,0.7404167677778712,0.6716955930569809,1.0682955215792582,0.830710750920036,0.9566507120534057,46.33659403972365
50,US-Mo1,144,1.7796115623567101,1.1119595457934457,1.9319444444444445,1.7589989515566269,0.6781782205290797,0.6340068232084184,0.15233288208773457,1.0604467067910055,1.0494483841422277,0.6781782205290797,8.559895052940803
51,US-Mo2,144,1.7327760908298824,1.3284446086828319,2.120833333333333,2.033044325825001,0.9339055498788125,0.7992725612492962,0.3880572425034509,0.907688831476657,0.8205550507602016,0.9339055498788125,22.3951175548364
52,US-Mo3,144,1.5787635901882497,1.0730235963405361,1.8861111111111113,1.9025787105414982,0.7542830889989328,0.6352776902987658,0.30734752092286133,1.1450134025922027,1.1029928347447888,0.7542830889989328,19.467608882860898
53,US-MOz,72,1.425639904393692,1.368916694188737,2.290277777777778,2.1849781461647457,0.8262233968644472,0.5876430023438177,0.8646378733840857,1.3933066443668969,1.0925679627129783,0.8262233968644472,60.649107163691944
54,US-Mpj,108,0.9166151312735518,0.47603731021376067,1.237962962962963,0.8991914948495844,0.16440086525456146,0.020129283258851993,0.32134783168941117,0.885965052177724,0.8256328752834344,0.16440086525456146,35.058098074698826
55,US-Myb,144,2.7449387428855907,1.8471458512087187,2.4201388888888893,1.571849378943629,0.9204282026588718,0.8308823497955917,-0.32479985399670164,0.6441576493126323,0.556277028117913,0.9204282026588718,-11.832681324438552
56,US-NC3,108,3.418973849103278,2.1183897673122334,2.4490740740740744,1.7317537634621984,0.7812667007804861,0.3494872048511176,-0.9698997750292037,1.3902537425028336,0.9960421150440557,0.7812667007804861,-28.368154242641754
57,US-NC4,144,3.430294078549165,2.058364235251898,2.051388888888889,1.4727827289145425,0.8484518425780333,-0.2612983370795443,-1.3789051896602762,1.6482928201852345,0.9030446827273564,0.8484518425780333,-40.19787103044766
58,US-Ne1,108,1.7724959076050297,1.5387822616398403,1.6268518518518518,2.2348809364878734,0.8882272216847161,0.8194610472986754,-0.14564405575317801,0.9451916177140813,0.9339031016228222,0.8882272216847161,-8.216890946166984
59,US-NGB,72,0.31128669025224487,0.41412853170991143,0.0625,0.1569403762265812,0.2559307267645698,-6.84154294236688,-0.24878669025224484,0.4364137024987504,0.3585555779541038,0.2559307267645698,-79.92204551073017
60,US-NGC,72,0.786180550735436,0.5685405471342333,0.3541666666666667,0.6030293244919216,0.2866378397901194,-0.3998210528502597,-0.43201388406876934,0.7084963519105252,0.5615434841954262,0.2866378397901194,-54.95097578598708
61,US-ONA,108,2.487355721327561,0.8064661726371581,2.827777777777778,0.9276473440998884,0.7278651848946318,0.5916739977680221,0.34042205645021645,0.5900195947691406,0.4819086487019573,0.7278651848946318,13.686102616176068
62,US-Pnp,144,3.229157814555968,2.1162075216677763,2.324305555555556,1.760492879482953,0.26032661732777007,-0.48432410513265123,-0.9048522590004122,2.1373980838881437,1.9364175578605352,0.26032661732777007,-28.02130806124246
63,US-RGA,24,2.2606379911836734,1.161871262746115,2.4875000000000003,1.5065978084816594,0.6951234139522087,0.667550810092276,0.22686200881632657,0.8503902418061788,0.8195713466898367,0.6951234139522087,10.035309045546974
64,US-RGB,36,2.2179003462857145,1.443410473313477,2.9555555555555553,3.124689190892838,0.544469240429502,0.41100115538970106,0.7376552092698412,2.3645408335418057,2.2465346972000324,0.544469240429502,33.25916831679032
65,US-RGo,19,2.123946791886105,1.243047141819711,3.710526315789474,2.5405368498370806,0.925688302354025,0.2904346563441641,1.5865795239033689,2.0829610477718203,1.3496266672177306,0.925688302354025,74.69958898991327
66,US-Rls,144,1.1279347348468771,0.9237115526309586,0.7652777777777777,0.7476134003786963,0.5449766569545031,0.060693594312365984,-0.3626569570690992,0.722050365023559,0.6243690103777063,0.5449766569545031,-32.152299762125125
67,US-Rms,108,1.294750294855626,1.2775794123883448,0.8083333333333335,0.9953278706503985,0.8757054780056727,0.5136910604615301,-0.4864169615222923,0.6908794942587918,0.4906251268847783,0.8757054780056727,-37.56839936279229
68,US-Ro4,144,1.0427666768004502,1.016098027520541,1.271527777777778,1.674893303957772,0.9054026861055625,0.7676875390344197,0.22876110097732763,0.8044705900570172,0.7712595470698086,0.9054026861055625,21.93789905899579
69,US-Ro5,108,1.0876402814470505,1.099244257704014,1.4564814814814815,1.8918058992405968,0.7430542025102177,0.6257533831824273,0.36884120003443116,1.1519550368167506,1.0913095692811654,0.7430542025102177,33.91205772038036
70,US-Ro6,144,1.4522075088496276,1.30978063935383,1.3847222222222222,1.850054599248903,0.5458265902174066,0.5435360597035697,-0.06748528662740544,1.2455884018877306,1.2437589006741008,0.5458265902174066,-4.647082886994862
71,US-Rpf,144,0.7586652779685652,0.9019974284935829,0.8333333333333334,1.2965257502182603,0.8806988459819318,0.8184303507663921,0.07466805536476812,0.5505408469731699,0.545453852946314,0.8806988459819318,9.842028827878154
72,US-Rwf,108,1.3396381563985573,1.3382126854087864,0.7435185185185185,0.8595013929678491,0.8765185020312055,0.0056751722727633735,-0.5961196378800385,0.853081920121195,0.610237773143745,0.8765185020312055,-44.498556198386325
73,US-Rws,108,0.8018222992757946,0.6569122879222093,0.5157407407407407,0.45161434979582105,0.3693241936285304,-0.752885659125986,-0.2860815585350539,0.5951473963875142,0.521879071522313,0.3693241936285304,-35.67892272308248
74,US-Seg,144,0.515249369395671,0.44052159576807676,0.42361111111111116,0.4369292258560288,0.39028368908836647,0.19891997263570893,-0.09163825828455988,0.3897048582725362,0.3787773834058599,0.39028368908836647,-17.785224733422023
75,US-Ses,144,0.4973942767432281,0.3811054051205259,0.3020833333333333,0.3100797889648334,0.38160521911183864,-0.39161410137864605,-0.19531094340989485,0.36451855743743833,0.3077781897740772,0.38160521911183864,-39.26682564357713
76,US-Sne,108,3.3080040041739847,2.005253696997878,2.3740740740740742,1.3513143736813529,0.8710632943627563,0.08575952896608019,-0.9339299300999104,1.2860759848175718,0.8841755054218947,0.8710632943627563,-28.23243046022596
77,US-Snf,74,2.1095945390450788,1.2068807402842041,2.102702702702703,1.1202950899141466,0.7612383631005933,0.7192575729641415,-0.006891836342375692,0.5895654539500933,0.5895251708648321,0.7612383631005933,-0.3266900920920721
78,US-SRG,144,1.236742943455164,0.9333086325711817,1.5666666666666669,0.9867655718083673,0.5688405660743446,0.4195550766611168,0.3299237232115029,0.7491715383865797,0.6726130617158531,0.5688405660743446,26.676822775295154
79,US-SRS,36,1.2127390235487945,0.8665893972169306,1.338888888888889,0.7724831122621121,0.5564903244781358,0.38780412099258077,0.12614986534009487,0.5959598010746946,0.5824554025602866,0.5564903244781358,10.402062017510335
80,US-Syv,144,1.3524921946632034,1.2253967956926834,1.3624999999999998,1.690486543940755,0.7812997765606599,0.7559728421792977,0.010007805336796646,0.8321805703788494,0.8321203912586254,0.7812997765606599,0.7399529088808371
81,US-Ton,144,1.050426038427879,0.8600719384963833,1.6291666666666669,1.0441897183137592,0.2946746856449682,-0.09353299628173484,0.5787406282387877,1.0881333754153302,0.92146271108414,0.2946746856449682,55.09579990086311
82,US-Tw1,108,2.432531287821893,1.9342937225137464,2.4509259259259255,1.6433664655992413,0.8222753890933773,0.7491207545418429,0.01839463810403352,0.8193072521529432,0.8191007329501228,0.8222753890933773,0.756193278833598
83,US-Tw3,16,2.1397138939369205,1.2074906948705684,2.525,1.2922847983320085,0.8763662837633537,0.7815477714714733,0.38528610606307984,0.5848198614017609,0.43996464263020496,0.8763662837633537,18.006431007193257
84,US-Tw4,129,2.5520807899003324,1.9937463598380114,2.487596899224806,1.7300653777358554,0.9037015976119572,0.8615868261892152,-0.06448389067552589,0.6411525269907508,0.6379015525219955,0.9037015976119572,-2.526718234419382
85,US-Tw5,60,3.139745274311243,2.0002895618616443,2.6566666666666676,1.6575831565577503,0.8863133676774141,0.7295505448333216,-0.4830786076445763,0.8548083603799073,0.7052179746798594,0.8863133676774141,-15.385917182423274
86,US-UMB,144,1.1740071311705453,1.2703637212135295,1.3229166666666667,1.6173758747674336,0.9535685282592868,0.9085283535854904,0.14890953549612126,0.4874622418620454,0.4641609499726368,0.9535685282592868,12.683869760454591
87,US-UMd,144,1.0848860621996042,1.1608976842556957,1.3256944444444445,1.601517921921155,0.9270695300704189,0.8476722563336988,0.24080838224484027,0.6228852980111326,0.5744540168882453,0.9270695300704189,22.196651854536853
88,US-Var,144,0.850572381235859,0.8856635285414018,1.563888888888889,1.0074971489044053,0.18650922942742193,-0.5182652474843412,0.7133165076530301,1.2370989097344405,1.010738973412931,0.18650922942742193,83.86311657763919
89,US-Vcm,144,1.2202601419622758,0.8122179041489398,0.836111111111111,0.9748308880494401,0.7007253280885178,0.5443350612468371,-0.38414903085116475,0.6557508478195906,0.531449618037517,0.7007253280885178,-31.480912769421643
90,US-Vcp,144,1.3544071299740261,0.8728161689814701,1.9548611111111112,1.610274261533792,0.45653464282174905,0.29865517960392984,0.6004539811370853,1.3438550291829738,1.2022484585130462,0.45653464282174905,44.33334466783266
91,US-Whs,108,0.7565419341678005,0.4616115789617443,0.8731481481481482,0.5357511072084156,0.19863469863949923,-0.02217829745513611,0.11660621398034775,0.5391460358068689,0.5263852570004511,0.19863469863949923,15.413053621226576
92,US-Wjs,144,0.8257318653317254,0.5936041271273577,0.47291666666666665,0.6010734860766493,0.5293550358148419,0.1148030280247011,-0.3528151986650587,0.5635524001380559,0.43944595036511447,0.5293550358148419,-42.727574589036905
93,US-Wkg,144,0.8498538176772541,0.6959788572065693,1.2187500000000002,0.9066166065811233,0.6302120094168426,0.46280604784958923,0.3688961823227459,0.6621799089913556,0.5499071181022331,0.6302120094168426,43.40701596551988
94,US-xAB,51,1.2951165990652844,0.8368422104943547,1.9470588235294117,1.771367036068637,0.8805031886538509,0.5252520069314868,0.6519422244641274,1.2084815972451721,1.017545628874208,0.8805031886538509,50.33849654422229
95,US-xAE,107,1.4276789175630606,1.0728847241552106,1.210280373831776,0.9626941930479069,0.8138445321324744,0.7172845230001446,-0.21739854373128498,0.5094765368600288,0.46076481505688444,0.8138445321324744,-15.227411503867254
96,US-xBA,108,0.19489590933914855,0.3342054843582594,0.07407407407407407,0.17259447927102262,0.25307826188551946,-2.295878664487725,-0.12082183526507448,0.3118835856697562,0.2875299204142125,0.25307826188551946,-61.9930072800174
97,US-xBL,88,1.4728202857194128,1.0007867087723292,2.3193181818181823,1.9037082961701357,0.8225613609549706,0.47721861053486925,0.8464978960987689,1.368606984740796,1.0754191697108861,0.8225613609549706,57.474622281243846
98,US-xBN,108,0.6565491123160255,0.6922408302385645,0.9379629629629629,1.3942952926483747,0.733796730019464,0.5629799430365339,0.2814138506469374,0.9174564471220841,0.8732311131824959,0.733796730019464,42.862574233666884
99,US-xBR,144,1.438228610093012,1.2135593048045936,1.5027777777777778,1.7458419911218355,0.9267182160782444,0.8537597192596817,0.06454916768476605,0.665311780891915,0.6621730670638721,0.9267182160782444,4.488102046627454
100,US-xCL,123,2.020911543699647,1.4560494002998756,2.5154471544715444,1.8332553022784355,0.9285053950967923,0.8264609482059421,0.494535610771898,0.7605870373349872,0.5778643188850469,0.9285053950967923,24.47091820093028
101,US-xCP,144,0.7678060347572047,0.659622751489728,0.4930555555555556,0.6424007395533649,0.5822000818403004,0.3284150161917144,-0.2747504792016491,0.5246181280475142,0.44691873361332957,0.5822000818403004,-35.78383950687892
102,US-xDC,144,1.1589207033505613,1.2325205162239912,0.8819444444444445,1.398483333206241,0.7788639526880005,0.7393625107627859,-0.27697625890611705,0.711479693468029,0.6553529630815229,0.7788639526880005,-23.899500466714386
103,US-xDJ,108,0.7519539378943227,0.6752077405988424,0.688888888888889,0.9399078631851419,0.7806212041599987,0.7488022011483653,-0.06306504900543392,0.46889241638465956,0.4646320024890528,0.7806212041599987,-8.386823424588126
104,US-xDL,144,2.5089376369525045,1.658776964853547,2.744444444444445,1.8495426680150093,0.8961972542247888,0.8773883813170655,0.23550680749193986,0.6453821364057111,0.6008782286092201,0.8961972542247888,9.386714281906167
105,US-xDS,111,1.8265842083485133,0.9351344191024941,2.6414414414414416,1.030398728513161,0.7008243449910135,0.06479155199612452,0.8148572330929285,0.9919604979387963,0.5656795198229485,0.7008243449910135,44.61098641762993
106,US-xGR,114,1.8181499204376135,1.380012861022301,2.3570175438596497,1.8890916156801003,0.896203284856896,0.7673877057714247,0.5388676234220358,0.9071020510612441,0.7296957005951201,0.896203284856896,29.638239254347894
107,US-xHA,144,1.4420087034817566,1.2675021711416115,1.882638888888889,1.9722668035058912,0.924889843119447,0.7728349395646846,0.4406301854071326,0.9367489283084218,0.826645990975008,0.924889843119447,30.556693891182686
108,US-xHE,123,0.6603827316606516,0.6204269524747331,0.675609756097561,0.946550377398487,0.8511751185974439,0.7795555478248011,0.015227024436909282,0.44260944718826206,0.4423474431565042,0.8511751185974439,2.305787796512816
109,US-xJE,144,2.265687386233272,1.0806711597591336,2.623611111111112,1.4796988028002684,0.7618812272892634,0.6826477656047107,0.3579237248778397,0.8306744934914446,0.7496070445952603,0.7618812272892634,15.797577682280853
110,US-xJR,108,0.7048867887688313,0.5929717454409708,0.5277777777777778,0.49309879075645985,0.567047077602281,0.23476955202600913,-0.17710901099105333,0.4293486182592672,0.39111716176474914,0.567047077602281,-25.12588032759066
111,US-xKA,144,1.501661467374496,1.0760446447054521,1.6868055555555557,1.637337362991708,0.6557395441232963,0.6195814813518592,0.18514408818105962,1.0063655695661875,0.9891882157708313,0.6557395441232963,12.329282744716455
112,US-xKZ,144,1.4468272238392703,1.3181065466252653,1.7256944444444444,1.8383919138910045,0.9345371407857969,0.8490031742178793,0.2788672206051742,0.7118832634408662,0.6549892014675988,0.9345371407857969,19.27439683262097
113,US-xMB,108,0.7152006957236033,0.3646527846654737,0.039814814814814824,0.08640246493413463,0.06600211279361437,-77.31576049941373,-0.6753858809087886,0.7610807339551915,0.35085295419425033,0.06600211279361437,-94.43305703519596
114,US-xML,103,1.2545436338551437,0.9123463636629419,1.9223300970873787,1.76845629142298,0.8940908505410834,0.5654926668807201,0.6677864632322353,1.1600437247892428,0.9485582127348237,0.8940908505410834,53.22943301542763
115,US-xNG,144,1.0438863023256104,1.1143389218860547,0.5249999999999999,0.8543185236550485,0.7419150191714127,0.1741762244594992,-0.5188863023256105,0.7736602553104035,0.5738529392673823,0.7419150191714127,-49.70716649596948
116,US-xNQ,144,0.5710251909324675,0.5021152507465955,0.09305555555555554,0.16113790201384504,0.20762100077238885,-15.730090517373917,-0.47796963537691206,0.6568007241571457,0.4504799872480606,0.20762100077238885,-83.70377401326228
117,US-xRM,144,1.4535523230065555,0.8492637494083902,1.1770833333333333,1.2333205363791464,0.6444778944953087,0.5808355615882576,-0.276468989673222,0.7957102472152201,0.7461365124910954,0.6444778944953087,-19.02022963310796
118,US-xSB,92,1.849146067522917,0.8001546708739787,2.4380434782608695,0.9879318381195064,0.7059302737474189,0.3457848419105376,0.5888974107379529,0.7947198586373145,0.5336473492285406,0.7059302737474189,31.84699257029648
119,US-xSC,56,1.867668531431434,1.2289623054077043,2.7125,2.2559869841661926,0.840150628801815,0.5590964215028219,0.8448314685685663,1.4845530882486586,1.2207201405502033,0.840150628801815,45.23455068984128
120,US-xSE,133,1.9253453022942515,1.324846299486561,2.415037593984963,2.0245274884788027,0.761659259886063,0.6550408400290528,0.4896922916907111,1.1845916411396435,1.0786374811384098,0.761659259886063,25.433998312260726
121,US-xSJ,101,0.859201474261012,0.5533487948778664,1.7782178217821785,1.015835022077506,0.2822774677987299,-0.5445524137745616,0.9190163475211663,1.2562145518293522,0.8564367771275795,0.2822774677987299,106.96168186997123
122,US-xSL,108,0.8932373384369408,0.7691092519547437,0.43425925925925923,0.7168417279968969,0.25209663812991695,-0.48752782956445007,-0.4589780791776815,0.8702335827422137,0.7393548615967269,0.25209663812991695,-51.38366472463396
123,US-xSR,144,0.8064166518021028,0.5520249072722143,0.8097222222222222,0.5422459695845525,0.4627538961618242,0.3486252205752921,0.0033055704201195857,0.4361125403311236,0.43610001265565623,0.4627538961618242,0.409908502352055
124,US-xST,144,1.2650117101686333,1.3540294686702445,1.4805555555555554,1.7836584458459104,0.9544931905382615,0.8923287277036469,0.21554384538692234,0.5832414617668003,0.5419515231454678,0.9544931905382615,17.038881431239012
125,US-xTA,144,2.072393112962276,1.134228300899134,2.6319444444444446,1.610787618569484,0.8749538206013099,0.6999648371763192,0.5595513314821687,0.8792474814222409,0.6782171046382462,0.8749538206013099,27.000250482513273
126,US-xTR,144,1.2134895158998467,1.2626943381934828,1.5166666666666666,1.8235828869164528,0.9494029280602433,0.8420746514131705,0.30317715076682006,0.7221679372776196,0.6554465232837265,0.9494029280602433,24.98391183396448
127,US-xUK,144,1.6857978551443413,1.485309377889403,2.2000000000000006,2.1431301857346403,0.9102356123033419,0.7841419817904367,0.5142021448556587,0.9922461414780426,0.8486156724359408,0.9102356123033419,30.50200492820248
128,US-xUN,144,1.1473340325812496,1.2195536478245301,1.3638888888888892,1.7319543555376646,0.9647656767117821,0.8716963327400207,0.2165548563076397,0.6182195716914999,0.5790504581053357,0.9647656767117821,18.874612811792815
129,US-xWD,108,0.8920712642460985,0.9753004466116519,0.6601851851851853,1.124987211957624,0.6932908565784234,0.6492302931416234,-0.2318860790609133,0.6631910196302454,0.6213301657379597,0.6932908565784234,-25.99412046490292
130,US-xYE,109,1.01360464225768,0.8998088476539254,0.42660550458715596,0.5560512569357158,0.710268187101276,-1.0157651496614246,-0.5869991376705241,0.7858387166579777,0.5224696172723524,0.710268187101276,-57.91204116459604
131,AU-ASM,180,0.48155863859759257,0.7334851677516804,1.3355555555555556,0.671746013306774,0.10319288701072916,-2.1159988154594975,0.853996916957963,1.1824805406213224,0.81789332725875,0.10319288701072916,177.34017178987685
132,AU-Boy,180,0.9948265286031911,0.3768909695006888,1.4705555555555558,0.7373285027168583,0.06364704524219993,-0.4219854769274416,0.47572902695236446,0.8767966180697017,0.7365149030219433,0.06364704524219993,47.820299647650394
133,AU-Cpr,180,0.5147106374971924,0.2550783697607305,0.29444444444444445,0.16501979641602665,0.007845240232983464,-3.9071095252628343,-0.2202661930527479,0.36453496070486724,0.29046263404119427,0.007845240232983464,-42.794179293399466
134,AU-Cum,180,1.9384241777840445,0.7085189969497809,2.0694444444444446,0.9495130902879546,0.34175028435701527,0.29648970895747073,0.13102026666039998,0.7941937165911671,0.7833117828790327,0.34175028435701527,6.759112281099326
135,AU-DaS,180,2.4321920893625233,1.1457359974855643,2.651111111111111,1.0668435607510958,0.06025091634152577,-0.6684860622909035,0.218919021748588,1.3742074376321738,1.3566578579583823,0.06025091634152577,9.000893585093708
136,AU-Dry,180,1.9826964809449596,1.1991641022340975,2.2638888888888893,1.119644990068936,0.01186304847774097,-0.9772070475201184,0.28119240794392913,1.569989250940657,1.5446025630510587,0.01186304847774097,14.182322440493358
137,AU-GWW,180,0.6402470097365491,0.3973046340786784,0.6727777777777777,0.3043135980922656,0.00819056039507121,-1.479706988151273,0.03253076804122864,0.47787224241125054,0.47676370373362614,0.00819056039507121,5.080971491708255
138,AU-Lit,180,2.9968493438614714,0.793618570197083,2.625555555555555,1.0576733304718,0.2412574627723583,0.050168493578182205,-0.37129378830591625,1.027933695052182,0.9585346129321954,0.2412574627723583,-12.38947126476169
139,AU-Lon,132,0.7940679535103794,0.757348725188934,2.7606060606060603,1.1021670240805705,0.0005302496233205189,-3.711653291296307,1.9665381070956809,2.383322198104895,1.346459272804076,0.0005302496233205189,247.65362944091862
140,AU-Rgf,180,0.7918110042491528,0.4984882516991989,0.8344444444444445,0.579859569034922,0.1836028315240981,-0.0077507129374350114,0.042633440195291736,0.5804831909618162,0.5789154729028468,0.1836028315240981,5.384294985356962
141,AU-Stp,180,0.8369941482870502,0.8304228108126896,0.7194444444444444,0.804185782908807,0.18654502826675246,-0.1958015898630765,-0.11754970384260563,0.8769527961840611,0.8690387067683228,0.18654502826675246,-14.044268300223711
142,AU-War,144,1.6605930195682128,0.8163967084919261,1.4923611111111112,1.0155490341262898,0.6566349376360985,0.628959700433956,-0.16823190845710154,0.6164505027316782,0.5930507965554217,0.6566349376360985,-10.130833170721456
143,AU-Whr,99,1.364668425007927,0.48372023132503944,1.5070707070707072,1.0130024603846788,0.4600605045548177,0.3997906144180655,0.14240228206277994,0.7808315120747983,0.7677365696072634,0.4600605045548177,10.434936388445623
144,AU-Wom,122,2.5747010776011434,1.1949114046645906,2.0500000000000003,1.5121682752134378,0.8096129518332207,0.6762092630327967,-0.5247010776011436,0.8569295170519228,0.6775079160858863,0.8096129518332207,-20.379106614194185
145,BE-Lon,216,0.9209194829872602,0.8129713033002612,1.0601851851851851,1.0964585541167442,0.7963790278158066,0.7573858731753009,0.13926570219792486,0.5388186470427094,0.5205099409158818,0.7963790278158066,15.122462361875282
146,DE-Hte,36,1.5573378220586274,1.2700002063808895,1.5055555555555555,1.7101285573136549,0.9281220377935292,0.8784455205432156,-0.05178226650307157,0.5878912753001122,0.5856063084101785,0.9281220377935292,-3.325050337159421
147,FR-EM2,36,1.2398346559382558,1.1150845630801909,1.0,1.0031379338285014,0.860386772343918,0.7677266275968837,-0.239834655938256,0.4766977896610341,0.41197101897911925,0.860386772343918,-19.344083889698904
148,NL-Loo,36,1.7572868209692023,0.7118559966656879,1.3305555555555557,1.2723026244781421,0.12775898674391467,-0.028780349905590308,-0.42673126541364664,1.2724318316765901,1.1987423381954565,0.12775898674391467,-24.283529604933253
149,SE-Lnn,36,0.6452448424561337,0.7417485390663151,0.9666666666666666,1.3541470694552664,0.9162788098187093,0.6906681638447435,0.32142182421053317,0.7426102096367837,0.6694459906355111,0.9162788098187093,49.81393155922587
150,BE-Bra,108,1.1191126198972583,0.8984067250218161,1.3601851851851852,1.251237877890607,0.9121650658744634,0.8185005030713945,0.24107256528792695,0.5305882240134031,0.4726604296185534,0.9121650658744634,21.54140351934008
151,BE-Dor,36,0.8547761772761411,0.8274149238412966,1.2611111111111113,1.108223231194298,0.8030463008756108,0.6424152294438348,0.4063349338349702,0.6534306904621567,0.5117260876515689,0.8030463008756108,47.5369979460367
152,BE-Lcr,72,1.1729146815370193,1.1355715347747777,1.2861111111111112,1.2061235257267078,0.8186066821645439,0.8083249749806225,0.113196429574092,0.5243695676632457,0.5120058708872554,0.8186066821645439,9.650866457375766
153,BE-Maa,108,0.787763576341241,0.6266039448882409,1.1083333333333334,1.02018186027658,0.9009253188958785,0.6890631934034732,0.3205697569920923,0.5662310427258022,0.46674685285321427,0.9009253188958785,40.693650559597444
154,BE-Vie,108,1.144517927707277,0.9345551919213858,1.3027777777777776,1.3172797184720562,0.9166163738022157,0.8405720737871873,0.15825985007050103,0.5235283624858437,0.49903483463859666,0.9166163738022157,13.827642734048787
155,CH-Aws,36,1.126602466759035,1.059887340742635,1.0555555555555556,1.1228648168080595,0.9054806963855695,0.9013042696632422,-0.07104691120347963,0.34782390651011774,0.3404905378250679,0.9054806963855695,-6.306298210749044
156,CH-Cha,108,1.851376970876768,1.180413407582039,1.5509259259259258,1.3743644492351963,0.9314691437919018,0.8719433474304806,-0.3004510449508417,0.48953415302608244,0.38648784789034596,0.9314691437919018,-16.228517999149314
157,CH-Dav,108,1.2834885370569367,0.6355439016021991,0.9203703703703704,0.9950117887113845,0.6574821805389329,0.4934311224398974,-0.3631181666865662,0.7048999656727034,0.6041764300496715,0.6574821805389329,-28.291500562926956
158,CH-Fru,108,1.6702352531287983,1.1387933651207804,1.3935185185185186,1.4411361787267607,0.8911288787607439,0.8302636890286672,-0.2767167346102796,0.5909794936533713,0.5221921204934244,0.8911288787607439,-16.567530477632715
159,CH-Lae,108,1.735127282884156,1.2945010856154702,1.614814814814815,1.5990543241994892,0.9091156877630283,0.8826847837034194,-0.12031246806934094,0.5451555051503852,0.5317136774833195,0.9091156877630283,-6.933927513914464
160,CH-Oe2,108,1.410140139217481,1.1949829964362213,1.4824074074074076,1.3236757589043373,0.802613103644388,0.7995570698096988,0.0722672681899265,0.5898709357378171,0.5854273334723731,0.802613103644388,5.124828815243091
161,CZ-BK1,108,1.338438537660293,1.0321377112212862,1.377777777777778,1.372107549620603,0.9044038460561045,0.8640632517710058,0.039339240117485096,0.5035430468949664,0.502004008214322,0.9044038460561045,2.9391891379826456
162,CZ-KrP,108,1.2023819620828364,0.9807272402132936,1.4314814814814818,1.424462393958996,0.8736215494906511,0.7869043220392273,0.22909951939864506,0.654513064950838,0.6131074639919576,0.8736215494906511,19.05380541486047
163,CZ-Lnz,108,1.5696833303454136,1.396706362058465,2.128703703703704,2.1141733952145176,0.9574205581701615,0.785829762966208,0.5590203733582905,0.9738681735459295,0.7974430648115526,0.9574205581701615,35.61357648075911
164,CZ-RAJ,108,1.019956433320239,0.7233268810665271,1.3675925925925925,1.355282410388046,0.7551191389344705,0.5763059558734985,0.3476361592723535,0.8780838560320914,0.8063376209693762,0.7551191389344705,34.08343218550052
165,CZ-Stn,108,1.260692067039623,1.2137286202825892,1.5694444444444444,1.6241436756419443,0.9470938724333531,0.8595940237872304,0.30875237740482153,0.6057553425352062,0.521163606228232,0.9470938724333531,24.490705183053837
166,CZ-wet,108,1.2621459430151971,1.0936151050943936,1.4472222222222224,1.4889285072455547,0.962954311109838,0.8864466503074668,0.18507627920702538,0.49940608664446684,0.463846106216732,0.962954311109838,14.663619546634074
167,DE-Akm,65,1.6958847668054917,1.14578596486896,1.2769230769230768,1.2749717191433638,0.9376913339442433,0.8231693104714793,-0.4189616898824147,0.5320012839328536,0.3278665407098994,0.9376913339442433,-24.70460836036669
168,DE-Geb,108,0.9122720285413977,0.8329789594208926,1.087962962962963,1.2352091345566039,0.833711902956176,0.7563066910035636,0.17569093442156536,0.606935175704816,0.5809500865564212,0.833711902956176,19.258612445069915
169,DE-Gri,108,1.178953048270572,0.9351785417521378,1.4472222222222224,1.3866154810227092,0.8860179160544849,0.777026875500636,0.26826917395165045,0.6517219008441968,0.5939470400189499,0.8860179160544849,22.754864949471862
170,DE-Hai,108,0.810019168954759,0.7828289631985914,1.5222222222222224,1.610092778039229,0.7976162129089586,0.4345644024716,0.7122030532674634,1.205098334750068,0.9721259215420034,0.7976162129089586,87.92422211272894
171,DE-HoH,108,1.4936123598556998,1.1219597222673228,1.6481481481481481,1.660338974594431,0.9186522847358475,0.8299765888114492,0.15453578829244827,0.6814455130704324,0.6636917035948667,0.9186522847358475,10.34644546643804
172,DE-Hzd,108,1.3416545673978972,1.015307181556478,1.6129629629629632,1.6089174739146115,0.8308777109603626,0.7235103301096264,0.2713083955650657,0.8420797709207338,0.7971763262226402,0.8308777109603626,20.221926131944752
173,DE-Kli,108,1.1328305089178807,1.0602232417319637,1.2324074074074076,1.3862359918106821,0.7073953491709657,0.6963736977594197,0.09957689848952661,0.7603033024507238,0.7537543054634469,0.7073953491709657,8.790096815510905
174,DE-Obe,108,0.8175204640461101,0.7279442238015325,1.289814814814815,1.2827350900245689,0.7102140215930837,0.4976192599268492,0.4722943507687048,0.9049685301450965,0.7719495364238158,0.7102140215930837,57.77156310328964
175,DE-RuR,108,1.5097658641511937,1.0638259090126994,1.4203703703703705,1.32825226035993,0.9570583704005339,0.9210254982349092,-0.08939549378082319,0.37153866998296514,0.36062366670033386,0.9570583704005339,-5.921149491022721
176,DE-RuS,108,1.4062721148093176,1.0493126420809211,1.1351851851851853,1.1032081352514638,0.8204355994056719,0.7574318011464942,-0.27108692962413244,0.5408220606251632,0.4679747619752677,0.8204355994056719,-19.276989621662963
177,DE-RuW,108,1.777334014467945,0.7910704462091319,1.386111111111111,1.356290869289615,0.2815262467061884,0.19477080038337857,-0.3912229033568337,1.2114140510630642,1.1465027880481033,0.2815262467061884,-22.011782825973118
178,DE-Tha,108,0.872399810502313,0.7684622568142039,1.5148148148148148,1.4805792510558067,0.6544221227089381,0.3803357251994912,0.6424150043125019,1.1600852349126707,0.9659713838911348,0.6544221227089381,73.63768269763955
179,DK-Gds,16,1.5093729969395175,0.7496200880292886,0.9812500000000001,1.217220193720101,0.6350479713583498,0.4014692076042693,-0.5281229969395175,0.9117967419897467,0.7432761255460443,0.6350479713583498,-34.989561759112355
180,DK-Sor,108,1.199337838694801,1.207146205193574,1.2490740740740742,1.4007004503001697,0.8284263958360834,0.8248147853308647,0.04973623537927304,0.5835445323594862,0.5814211280448528,0.8284263958360834,4.146974586693547
181,ES-Abr,108,0.830114869935271,0.5541015063113498,1.3324074074074075,0.8185728067463623,0.24821332437236027,-0.16376923636879925,0.5022925374721363,0.8789633375220021,0.7213035113650976,0.24821332437236027,60.50879892216641
182,ES-Agu,108,0.55078296697067,0.3689456936184861,0.7490740740740741,0.3513645949350916,0.20257599276323227,-0.47882924907650004,0.19829110710340417,0.4253016081392121,0.37624738501351235,0.20257599276323227,36.001677429135796
183,ES-Cnd,108,1.125312081336846,0.6512450554333085,1.437962962962963,0.8423063123644999,0.5208018032876223,0.3790838226251091,0.31265088162611704,0.6606425685126307,0.5819776881886262,0.5208018032876223,27.783482183421924
184,ES-LJu,108,0.6099063315441766,0.35624459580615403,1.2212962962962965,0.723704246651675,0.2024207469144583,-0.5197397958133965,0.6113899647521198,0.8880261405504914,0.6440440491933784,0.2024207469144583,100.24325591180319
185,ES-LM1,108,1.3368941920882291,0.8492185785729632,1.6435185185185186,1.063697760121504,0.4391618386332356,0.3368830921598912,0.30662432643028936,0.8621707930300079,0.8058039456314199,0.4391618386332356,22.93557173371679
186,ES-LM2,108,1.2198240020827706,0.8051762400126498,1.6407407407407406,1.0681486330328347,0.4322373514709877,0.2662164362019869,0.4209167386579703,0.9107426813272397,0.8076393568348856,0.4322373514709877,34.50634992747168
187,FI-Hyy,108,0.8746993029698784,0.9276282276829965,1.0092592592592593,1.4050999922536545,0.8997283176448609,0.8073238733477646,0.13455995628938094,0.6139050360747801,0.5989766368410181,0.8997283176448609,15.383567339371107
188,FI-Ken,108,0.7511271465051165,0.8099678998024187,0.5888888888888889,0.9497007234779038,0.824878898706052,0.7923580037518354,-0.16223825761622757,0.43074909898578273,0.399028237149596,0.824878898706052,-21.5993069044433
189,FI-Let,108,1.043605220340507,1.1256419229839767,0.9990740740740741,1.3225927079404547,0.738068216727073,0.7368596347318641,-0.04453114626643298,0.6753048543572086,0.673835011950706,0.738068216727073,-4.2670490141763935
190,FI-Qvd,96,1.0575354738827458,0.9976611754647428,1.1270833333333332,1.299998313089324,0.8844359750697853,0.8516106514661452,0.06954785945058754,0.4981617048189019,0.49328306213969686,0.8844359750697853,6.576409129354525
191,FI-Sii,108,0.8812917786230073,1.0886617986299598,0.7074074074074075,0.9952883115571018,0.8896158798445755,0.8361212084288052,-0.1738843712155998,0.4010424006973597,0.36138515825094025,0.8896158798445755,-19.730624457576248
192,FI-Var,108,0.4460912133751441,0.5256976815674822,0.5194444444444445,0.8471456564486861,0.8719527170444057,0.7662705213851234,0.07335323106930038,0.4076569441953077,0.4010031017864451,0.8719527170444057,16.443549854817107
193,FR-Aur,108,0.9132285687967552,0.7846079875683939,1.7666666666666668,1.3813849206739663,0.7939367253284354,0.3043181919123271,0.8534380978699116,1.1468326413121854,0.7660734431392796,0.7939367253284354,93.45284707796408
194,FR-Bil,108,1.7672584557721638,1.2172548291692595,1.4712962962962965,1.019900208232408,0.5974453267622405,0.33558060647680554,-0.29596215947586774,0.8274825455392459,0.7727443065662092,0.5974453267622405,-16.746965250566802
195,FR-FBn,108,1.388601225339765,0.6203437392073101,1.6000000000000003,1.0012142161106463,0.09816622018221145,-0.0406368534795174,0.21139877466023507,1.0166152487189528,0.9943928408833451,0.09816622018221145,15.223864908264767
196,FR-Fon,108,1.8854558825126364,1.1905815107988962,1.864814814814815,1.7304483139507822,0.8309555546788945,0.7808380010046615,-0.020641067697821685,0.8063456913468332,0.8060814600757769,0.8309555546788945,-1.0947520909539683
197,FR-Gri,84,0.9516624832049022,0.925986384739006,0.9535714285714285,0.9280691743759458,0.6588901032733491,0.6242766800294078,0.0019089453665263978,0.5654755434903321,0.5654723213502798,0.6588901032733491,0.2005905875471381
198,FR-Hes,108,1.4190122911071201,1.3195470076023637,1.875,1.8777658727586883,0.8712236481260316,0.7584940974797184,0.45598770889288,0.9185130428498337,0.7973339446078304,0.8712236481260316,32.13416203302342
199,FR-Lam,108,1.1488231741141308,0.7985826484254728,1.5740740740740742,1.4335349661360373,0.6547513944538167,0.5023789802227305,0.4252508999599435,1.0065553466331028,0.9123131797354149,0.6547513944538167,37.01621881782275
200,FR-LGt,108,1.0557961083483423,1.015576372208479,1.7842592592592592,1.493109534390952,0.7860199321583504,0.5031633840178109,0.7284631509109173,1.0475589636682099,0.7528088868541287,0.7860199321583504,68.99657473169744
201,FR-Tou,108,1.3916896032471655,0.901414069368891,1.3175925925925924,0.9256297380201404,0.6047618118151826,0.5598094736390897,-0.07409701065457289,0.6112764377122228,0.6067689150856371,0.6047618118151826,-5.324248344004707
202,GF-Guy,108,2.6647928654133173,0.4341756212329932,3.509259259259259,0.4657497296414979,0.21794778045318494,-3.316788027604603,0.8444663938459424,0.9631922606310129,0.4632664898352901,0.21794778045318494,31.68975738438729
203,GL-Dsk,36,0.3556938932235992,0.4285648955333507,0.036111111111111115,0.10994226479066906,0.5373388425111416,-18.171285595851657,-0.3195827821124881,0.4746495455265227,0.3509402177661838,0.5373388425111416,-89.84770000298806
204,IE-Cra,36,0.7397070396823747,0.5872319487190792,0.8472222222222223,0.7369768793082458,0.88961598559139,0.84629706536584,0.10751518253984753,0.2848903342679894,0.2638237822538938,0.88961598559139,14.534832950354755
205,IL-Yat,108,0.8024532025487529,0.4644697922130265,1.7212962962962963,0.5953167578937663,0.01159988462413862,-2.845170280868198,0.9188430937475436,1.1619458991185148,0.7112282626209229,0.01159988462413862,114.50425904328289
206,IT-BCi,108,1.989373434936302,1.0860372956483806,1.4388888888888889,0.7652295890695413,0.4473283335402869,-0.638110810979718,-0.5504845460474129,0.974862587879171,0.8045643726945956,0.4473283335402869,-27.671252484832692
207,IT-BFt,72,1.6047139669833024,1.0290452771038205,2.158333333333333,1.815562614076916,0.9334602333287616,0.6796751191360322,0.5536193663500311,1.0203977539624678,0.8571564463351127,0.9334602333287616,34.49956676022323
208,IT-Cp2,108,1.1610186356305259,0.6997360041205885,2.287037037037037,1.3151946370004999,0.39640913165639946,-0.35297314874746655,1.1260184014065115,1.5227009867824544,1.025037001694175,0.39640913165639946,96.98538566480404
209,IT-Lav,108,1.731369486914203,1.010285485777861,1.375,1.324684762359018,0.809147396106211,0.7173660512803789,-0.3563694869142032,0.7009785276765553,0.6036320775605774,0.809147396106211,-20.583098501369335
210,IT-Lsn,108,1.3291664409388868,1.1962681408907654,1.7657407407407408,1.6004766834913424,0.9277831843788409,0.8061233835843093,0.4365742998018541,0.7014425039864082,0.5490213722171872,0.9277831843788409,32.84572092366927
211,IT-MBo,108,1.6383571218990658,1.4065792377064419,1.212037037037037,1.3687921951055226,0.9135443958106669,0.8104754463710826,-0.42632008486202866,0.5931305212736716,0.4123772550827823,0.9135443958106669,-26.021193985342403
212,IT-Ren,108,1.9438749116115275,1.7473641702071188,1.2777777777777777,1.3546964575918246,0.7973959559004974,0.39585401879588467,-0.6660971338337497,1.0480764236920945,0.8091840323422568,0.7973959559004974,-34.26646076117811
213,IT-SR2,108,2.193579736893177,1.1994928539779723,2.10462962962963,1.1983153485739464,0.7874013754306353,0.768928969790591,-0.088950107263547,0.5733553686417294,0.5664135036950452,0.7874013754306353,-4.055020465749256
214,IT-Tor,108,1.3652504714483347,1.3909315558169026,0.6351851851851852,0.8958173644402495,0.8245941799366463,-0.26133084333379153,-0.7300652862631496,1.0014147766172496,0.6854460099970541,0.8245941799366463,-53.47482396315565
215,RU-Fy2,108,1.0406513673141735,1.0536427888536153,1.214814814814815,1.4749506448143548,0.9437050788298972,0.8635380338750931,0.17416344750064128,0.5423296033801469,0.5136034387123579,0.9437050788298972,16.736003331273306
216,RU-Fyo,108,1.07182058391337,1.0274083505301703,1.216666666666667,1.4405022488604322,0.8163377685668468,0.7699241432328072,0.14484608275329633,0.6877482210353005,0.6723222648761871,0.8163377685668468,13.514023235534681
217,SE-Deg,108,0.6324550163646413,0.9008295883170605,0.7212962962962963,1.0369843883436232,0.8505571874032779,0.8402805974822976,0.08884127993165497,0.41250675786670987,0.4028263301545837,0.8505571874032779,14.047051194615497
218,SE-Htm,108,0.929186701346024,0.8266913536021965,1.1740740740740743,1.3067309836460712,0.731455388230456,0.6464510973750868,0.24488737272805028,0.7733764558758383,0.7335811592328589,0.731455388230456,26.35502341707058
219,SE-Nor,108,1.0743011694951146,0.9341174092041372,1.159259259259259,1.3458164347642991,0.8212292074837776,0.7722089217340683,0.08495808976414486,0.6393434110408781,0.633673512327139,0.8212292074837776,7.908219052211616
220,SE-Ros,108,0.6190702456928898,0.6984380223850187,0.7574074074074074,1.0538938661298458,0.8709717114339223,0.7803903331721752,0.1383371617145177,0.4915895185411558,0.47172352541324103,0.8709717114339223,22.345955515869587
221,SE-Svb,108,0.7573687865420541,0.7750571100999404,0.8287037037037037,1.1628237405449464,0.8921978850442995,0.8110974993116153,0.07133491716164972,0.503051854704075,0.49796837059671806,0.8921978850442995,9.418782293279621
