,AR-TF1,CA-Cbo,CA-DB2,CA-DBB,CA-ER1,CA-LP1,PE-QFR,US-ALQ,US-ARM,US-Bar,US-Bi1,US-Bi2,US-BRG,US-BZB,US-BZF,US-BZo,US-BZS,US-CF1,US-CF2,US-CF3,US-CF4,US-CS1,US-CS2,US-CS3,US-CS4,US-DFC,US-DS3,US-EDN,US-EML,US-GLE,US-Ha1,US-HB1,US-HB2,US-HB3,US-Hn2,US-Hn3,US-Ho2,US-HWB,US-ICh,US-ICs,US-ICt,US-Jo1,US-Jo2,US-KFS,US-KLS,US-Kon,US-KS3,US-Me2,US-Me6,US-MMS,US-Mo1,US-Mo2,US-Mo3,US-MOz,US-Mpj,US-Myb,US-NC3,US-NC4,US-Ne1,US-NGB,US-NGC,US-ONA,US-Pnp,US-RGA,US-RGB,US-RGo,US-Rls,US-Rms,US-Ro4,US-Ro5,US-Ro6,US-Rpf,US-Rwf,US-Rws,US-Seg,US-Ses,US-Sne,US-Snf,US-SRG,US-SRS,US-Syv,US-Ton,US-Tw1,US-Tw3,US-Tw4,US-Tw5,US-UMB,US-UMd,US-Var,US-Vcm,US-Vcp,US-Whs,US-Wi0,US-Wjs,US-Wkg,US-xAB,US-xAE,US-xBA,US-xBL,US-xBN,US-xBR,US-xCL,US-xCP,US-xDC,US-xDJ,US-xDL,US-xDS,US-xGR,US-xHA,US-xHE,US-xJE,US-xJR,US-xKA,US-xKZ,US-xMB,US-xML,US-xNG,US-xNQ,US-xRM,US-xSB,US-xSC,US-xSE,US-xSJ,US-xSL,US-xSR,US-xST,US-xTA,US-xTR,US-xUK,US-xUN,US-xWD,US-xYE,AU-Adr,AU-ASM,AU-Boy,AU-Cpr,AU-Cum,AU-DaS,AU-Dry,AU-GWW,AU-Lit,AU-Lon,AU-Rgf,AU-Stp,AU-War,AU-Whr,AU-Wom,BE-Bra,BE-Lon,BE-Vie,CH-Aws,CH-Cha,CH-Dav,CH-Fru,CH-Lae,CH-Oe2,CZ-BK1,CZ-Lnz,CZ-RAJ,CZ-Stn,CZ-wet,DE-Akm,DE-Geb,DE-Gri,DE-Hai,DE-HoH,DE-Hte,DE-Hzd,DE-Kli,DE-Obe,DE-RuR,DE-RuS,DE-RuW,DE-Tha,DK-Sor,ES-Abr,ES-LM1,ES-LM2,FI-Hyy,FI-Let,FI-Sii,FI-Var,FR-Bil,FR-EM2,FR-Hes,IT-BCi,IT-Cp2,IT-Lsn,IT-SR2,IT-Tor,NL-Loo,RU-Fy2,RU-Fyo,SE-Deg,SE-Htm,SE-Lnn,SE-Nor,SE-Ros,SE-Svb,BE-Bra,BE-Dor,BE-Lcr,BE-Lon,BE-Maa,BE-Vie,CH-Aws,CH-Cha,CH-Dav,CH-Fru,CH-Lae,CH-Oe2,CZ-BK1,CZ-KrP,CZ-Lnz,CZ-RAJ,CZ-Stn,CZ-wet,DE-Akm,DE-Geb,DE-Gri,DE-Hai,DE-HoH,DE-Hzd,DE-Kli,DE-Obe,DE-RuR,DE-RuS,DE-RuW,DE-Tha,DK-Gds,DK-Sor,ES-Abr,ES-Agu,ES-Cnd,ES-LJu,ES-LM1,ES-LM2,FI-Hyy,FI-Ken,FI-Let,FI-Qvd,FI-Sii,FI-Var,FR-Aur,FR-Bil,FR-FBn,FR-Fon,FR-Gri,FR-Hes,FR-Lam,FR-LGt,FR-Tou,GF-Guy,GL-Dsk,IE-Cra,IL-Yat,IT-BCi,IT-BFt,IT-Cp2,IT-Lav,IT-Lsn,IT-MBo,IT-Ren,IT-SR2,IT-Tor,RU-Fy2,RU-Fyo,SE-Deg,SE-Htm,SE-Nor,SE-Ros,SE-Svb
1979,873.24,906.08997,2152.55,2152.55,1002.75,735.1,2584.26,945.46,716.86,1420.94,512.49,596.13,1316.14,364.41,364.41,364.41,364.41,593.14,593.14,571.04,571.04,1044.62,1044.62,1044.62,1044.62,931.82,596.13,572.96,620.73,695.33,1292.0701,1306.36,1306.36,1306.36,236.78,236.78,1368.16,1274.05,501.75,501.75,501.75,387.8,387.8,881.98,838.79,946.09,1013.98,728.32,1173.6,1316.14,715.01,760.45,715.01,847.21,473.43,541.38,1136.3,1125.2,876.45,252.99,878.65,1079.2001,923.97003,1344.25,922.05,672.33,382.95,418.41,831.32,831.32,831.32,445.92,382.95,382.95,234.83,234.83,541.38,541.38,321.38,321.38,968.27997,940.93,607.98,607.98,607.98,607.98,1147.77,1025.99,940.93,782.14,782.14,241.84,972.17,386.71,241.84,2048.93,668.39996,252.99,1305.29,442.34,1420.94,1106.16,662.82,576.68,593.29,1432.66,1051.5,1417.72,1292.0701,620.73,1137.99,301.59,853.52,946.09,371.71,1222.31,505.18,344.69,1133.56,1190.18,1333.6,1342.91,591.8,632.88,296.92,895.27,1430.5701,895.27,881.98,990.43,576.68,617.08,1230.0701,394.53,318.53,373.15,692.31,998.64,876.92,234.58,1326.04,1326.04,323.12,530.57,1465.06,587.68,663.64,886.58,931.01,1173.87,1640.73,1530.88,1843.55,1530.88,1210.19,1495.54,1018.68,744.25,858.75,841.19,840.93,681.97003,645.52,932.98,736.9,652.5,789.21,932.98,932.98,876.4,1070.55,868.5,1070.55,932.98,739.98,545.22003,1192.37,1192.37,811.65,797.08997,811.65,625.35,1049.55,845.52997,1276.91,1462.38,1436.59,1474.81,1900.12,1527.39,915.82,770.75,770.75,789.98,743.54,927.47003,731.55,827.70996,753.85,886.58,927.69,874.83,931.01,942.72003,1173.87,1640.73,1530.88,1843.55,1530.88,1210.19,1495.54,1018.68,965.44,744.25,858.75,841.19,840.93,681.97003,645.52,932.98,736.9,652.5,932.98,932.98,876.4,1070.55,868.5,1070.55,932.98,904.25,739.98,545.22003,283.82,731.55,597.3,1192.37,1192.37,811.65,693.08,797.08997,706.27,811.65,625.35,989.13,1049.55,937.35,894.82,851.45,1276.91,1010.13,989.13,977.27997,2497.19,636.4,1036.44,196.32,1462.38,1113.63,1436.59,1363.7,1474.81,1744.71,1242.04,1900.12,1527.39,770.75,770.75,789.98,743.54,731.55,827.70996,753.85
1980,993.5,1021.31,2443.34,2443.34,1070.12,1002.26,2533.43,1019.64,787.5,1083.39,432.05002,524.4,1202.84,358.78,358.78,358.78,358.78,702.31,702.31,693.49,693.49,850.11,850.11,850.11,850.11,893.52,524.4,426.07,569.36,772.59,862.46,1327.83,1327.83,1327.83,316.98,316.98,1099.11,894.38,537.0,537.0,537.0,382.2,382.2,886.08,762.77997,945.01,822.72003,810.61,1297.1,1202.84,896.38,866.13,896.38,803.5,456.84,435.9,1100.4,1106.3,705.82,218.33,560.39,902.73,931.25,1120.83,727.43,427.78,431.56,500.97,986.95,986.95,986.95,467.89,431.56,431.56,218.4,218.4,435.9,435.9,314.79,314.79,1008.25,762.89,499.23,499.23,499.23,499.23,901.28,833.45,762.89,814.75,814.75,221.44,935.65,379.06,221.44,2287.77,641.7,218.33,804.97,466.63,1083.39,828.5,625.75,560.37,619.72003,1304.62,801.03,1234.72,862.46,569.36,1201.46,295.26,852.7,945.01,432.34,914.35,476.36,597.32,923.64996,1032.16,787.51,944.45,610.25,534.66,318.76,970.5,1367.67,970.5,886.08,1075.77,560.37,888.27,1563.71,205.22,333.45,241.56,597.62,975.0,831.06,310.08,1627.11,1627.11,368.83,461.08002,1643.88,576.93,630.71,852.16003,917.37,1275.23,1339.96,1522.03,1806.7,1522.03,1193.78,1455.42,1067.51,615.57,727.62,854.49,778.74,753.96,670.18,955.98,743.49,681.94,915.51996,955.98,955.98,895.58,1089.22,812.01,1089.22,955.98,863.83,336.21,515.7,515.7,653.31,726.01,653.31,516.84,873.36,882.37,1183.59,1535.27,1087.1799,1343.2001,1554.21,1249.3099,864.65,915.63,915.63,592.92,887.98,887.18,685.35,603.79,576.88,852.16003,955.64,837.84,917.37,906.9,1275.23,1339.96,1522.03,1806.7,1522.03,1193.78,1455.42,1067.51,879.08997,615.57,727.62,854.49,778.74,753.96,670.18,955.98,743.49,681.94,955.98,955.98,895.58,1089.22,812.01,1089.22,955.98,980.02,863.83,336.21,340.12,474.36,579.61,515.7,515.7,653.31,491.57,726.01,683.89,653.31,516.84,967.81,873.36,625.23,757.67,822.56,1183.59,846.1,967.81,985.5,2416.24,465.66998,1063.8,196.55,1535.27,964.39,1087.1799,1045.1,1343.2001,1375.35,989.52997,1554.21,1249.3099,915.63,915.63,592.92,887.98,685.35,603.79,576.88
1981,900.07,891.92,2682.66,2682.66,999.84,815.85,2783.75,830.81,999.97,1491.5701,489.15,604.27,1302.16,480.0,480.0,480.0,480.0,668.81,668.81,640.79,640.79,908.43,908.43,908.43,908.43,734.86,604.27,501.33002,696.95,850.12,1099.4299,1167.35,1167.35,1167.35,247.48,247.48,1316.07,1017.88,491.53,491.53,491.53,472.93,472.93,1196.47,907.23,941.61,675.19,777.88,1288.08,1302.16,1335.2,1357.3,1335.2,1429.62,526.74,500.19,1205.9,1178.35,838.63,249.59,575.6,727.66,752.22,994.52,1072.45,718.25,436.72998,484.31,1013.09,1013.09,1013.09,565.82,436.72998,436.72998,206.44,206.44,500.19,500.19,449.32,449.32,917.4,971.07,588.24,588.24,588.24,588.24,837.56,758.87,971.07,941.53,941.53,281.99,961.04,368.34,281.99,2509.06,810.77997,249.59,859.53,566.28,1491.5701,1045.97,545.97,574.58,771.06,1001.48,643.99,1202.52,1099.4299,696.95,899.86,313.68,862.61,941.61,420.36,892.29,470.89,546.7,1119.71,867.39,890.97,901.93,710.88,637.77,369.71,856.73,1058.9,856.73,1196.47,937.59,574.58,787.6,1397.88,398.44,426.75,263.1,969.68,946.67,940.77997,251.06,1531.22,1531.22,417.31,725.71,1418.85,685.5,627.52,960.83,1108.8099,1456.04,1642.16,1830.44,2039.4299,1830.44,1404.98,1664.8,1256.95,688.64,894.13,1124.65,884.48,793.94,863.05,1225.11,1000.9,797.61,960.94,1225.11,1225.11,1126.77,1323.34,1013.85,1323.34,1225.11,825.63,351.71,755.64,755.64,932.24005,871.89,932.24005,747.8,988.99,978.59,1437.81,1311.08,878.6,1317.87,1473.1,1854.24,931.47,922.28,922.28,700.76,869.57,865.59,731.81,738.94,732.54,960.83,1132.83,971.87,1108.8099,1130.0,1456.04,1642.16,1830.44,2039.4299,1830.44,1404.98,1664.8,1256.95,997.04004,688.64,894.13,1124.65,884.48,793.94,863.05,1225.11,1000.9,797.61,1225.11,1225.11,1126.77,1323.34,1013.85,1323.34,1225.11,909.88,825.63,351.71,230.95,505.7,437.0,755.64,755.64,932.24005,717.38,871.89,833.2,932.24005,747.8,1037.13,988.99,685.41,997.08,965.25,1437.81,1067.0,1037.13,1004.56,2864.47,531.91,994.52,113.78,1311.08,953.31995,878.6,1213.63,1317.87,1601.09,1136.9401,1473.1,1854.24,922.28,922.28,700.76,869.57,731.81,738.94,732.54
1982,842.6,991.89,2299.03,2299.03,1107.99,970.23,2849.57,1131.71,998.92,1201.6,771.42,915.27,1343.7,500.14,500.14,500.14,500.14,752.59,752.59,742.74,742.74,1133.03,1133.03,1133.03,1133.03,991.22,915.27,768.17,673.54004,965.35004,984.62,1403.72,1403.72,1403.72,332.81,332.81,1043.74,1030.69,454.74,454.74,454.74,420.06,420.06,1177.0701,971.42,1189.34,1202.91,787.82,1349.95,1343.7,1226.3201,1257.52,1226.3201,1270.61,622.05,776.62,1293.19,1269.04,1089.83,229.49,775.71,1291.02,1003.44,1422.29,1165.61,770.6,433.48,498.76,1115.85,1115.85,1115.85,532.22,433.48,433.48,305.99,305.99,776.62,776.62,527.92,527.92,1158.86,1445.34,877.93,877.93,877.93,877.93,1036.77,925.86,1445.34,1033.3,1033.3,339.68,1104.84,482.94,339.68,2656.41,852.17,229.49,1048.05,552.89,1201.6,1013.32,588.36,608.61,694.6,1434.97,1235.34,1382.44,984.62,673.54004,1162.44,305.34,1097.62,1189.34,443.48,1085.38,676.83,684.87,1132.52,1433.09,1059.26,1167.14,1050.14,539.82,495.59,1136.72,1529.53,1136.72,1177.0701,1187.76,608.61,1003.8,1321.0,388.92,337.41998,123.93,673.07,885.74,693.76,261.05,1462.44,1462.44,363.91,575.69,1374.96,284.74,410.77,748.82,871.82996,1187.23,1466.42,1454.58,1653.44,1454.58,1325.78,1667.03,962.23,490.81,622.72,774.42,618.96,540.77,470.63,667.62,589.75,501.26,645.68,667.62,667.62,624.24,1059.75,747.62,1059.75,667.62,649.81,315.16,629.98,629.98,693.06,694.36,693.06,640.76,907.67,820.7,1206.2,958.34,839.96,1253.33,1464.9601,1517.85,762.09,747.24,747.24,632.94,722.64,784.22,607.58,656.6,623.7,748.82,902.15,763.04,871.82996,877.0,1187.23,1466.42,1454.58,1653.44,1454.58,1325.78,1667.03,962.23,700.44,490.81,622.72,774.42,618.96,540.77,470.63,667.62,589.75,501.26,667.62,667.62,624.24,1059.75,747.62,1059.75,667.62,839.26,649.81,315.16,282.83,515.01,533.74,629.98,629.98,693.06,686.38,694.36,603.11,693.06,640.76,863.55,907.67,611.37,791.4,763.93,1206.2,969.7,863.55,924.72,2426.92,362.31,1022.01,165.07,958.34,987.17,839.96,1006.83,1253.33,1411.26,996.66,1464.9601,1517.85,747.24,747.24,632.94,722.64,607.58,656.6,623.7
1983,819.52997,927.29,2613.4,2613.4,997.69,879.05,2602.38,1054.4,1177.0,1571.57,927.24,1101.79,1225.11,361.8,361.8,361.8,361.8,713.35,713.35,734.35,734.35,1032.31,1032.31,1032.31,1032.31,928.16,1101.79,987.85,576.98,1104.4299,1341.42,1601.32,1601.32,1601.32,382.5,382.5,1494.1799,1118.85,394.77,394.77,394.77,358.55,358.55,1163.62,979.14,1167.56,1378.49,882.86,1434.27,1225.11,1117.98,1212.07,1117.98,1248.5,589.1,959.97003,1372.01,1374.58,982.75,193.3,533.99,1499.01,903.85,1153.19,1744.27,1335.88,574.36,683.56,1071.39,1071.39,1071.39,457.35,574.36,574.36,283.28,283.28,959.97003,959.97003,538.84,538.84,1208.66,1681.32,1108.89,1108.89,1108.89,1108.89,1039.56,941.04004,1681.32,1084.2,1084.2,350.14,1072.88,412.56,350.14,2869.79,895.35,193.3,1206.0,464.94998,1571.57,995.24,740.6,555.7,641.45,1513.1799,1468.0499,1231.51,1341.42,576.98,1351.14,250.0,1094.8,1167.56,552.32,1009.05,475.65,768.39,1196.63,1449.77,1176.1,1359.6901,1202.16,667.72003,513.2,1101.0599,1556.59,1101.0599,1163.62,1262.45,555.7,882.53,1430.22,335.37,459.07,427.28,870.19,868.23,602.97003,268.93,1499.1901,1499.1901,490.6,487.74,1390.83,695.91,773.82,790.33,811.12,1165.48,1460.66,1443.64,1799.15,1443.64,1105.3201,1386.64,957.99,525.0,547.21,760.52,671.14,686.14,605.64,909.79,696.82,608.99,816.85,909.79,909.79,820.89,1059.45,781.69,1059.45,909.79,658.27,459.25,734.77997,734.77997,760.33997,726.41,760.33997,686.42,956.15,699.27,1254.96,956.73,771.52,895.38,1140.53,1517.11,847.09,850.25,850.25,599.16,736.91003,801.04,664.13,612.18,598.06,790.33,830.69,743.04,811.12,863.91,1165.48,1460.66,1443.64,1799.15,1443.64,1105.3201,1386.64,957.99,747.95996,525.0,547.21,760.52,671.14,686.14,605.64,909.79,696.82,608.99,909.79,909.79,820.89,1059.45,781.69,1059.45,909.79,849.38,658.27,459.25,210.98,434.72998,423.55,734.77997,734.77997,760.33997,671.58,726.41,752.37,760.33997,686.42,743.85004,956.15,697.14996,742.93,698.63,1254.96,911.65,743.85004,735.83,2286.92,449.14,962.18,168.31,956.73,706.29,771.52,922.2,895.38,1282.51,930.29004,1140.53,1517.11,850.25,850.25,599.16,736.91003,664.13,612.18,598.06
1984,872.58,891.3,2667.6401,2667.6401,924.14,973.64,3065.0,856.58,944.88,1400.84,381.09,468.09,1177.76,531.04004,531.04004,531.04004,531.04004,770.28,770.28,734.05,734.05,943.34,943.34,943.34,943.34,1002.94,468.09,378.68,669.43,918.86,1197.7,1143.03,1143.03,1143.03,298.26,298.26,1240.66,1196.04,438.1,438.1,438.1,601.46,601.46,1066.53,903.98,984.32,1000.74,738.74,1375.98,1177.76,1316.07,1290.03,1316.07,1334.99,698.16003,386.15,1286.9299,1267.1901,1021.25,232.81999,392.5,1041.25,1017.35,1587.6,717.39,504.41,506.03,563.06,912.22,912.22,912.22,560.87,506.03,506.03,359.18,359.18,386.15,386.15,571.49,571.49,914.23004,661.66,438.43,438.43,438.43,438.43,1124.8099,1019.76,661.66,1049.42,1049.42,347.45,884.57,591.7,347.45,2658.86,742.18,232.81999,1148.1901,562.26,1400.84,1020.31,683.48,576.48,643.83,1057.93,862.61,1187.78,1197.7,669.43,1053.53,523.37,943.94,984.32,525.96,1010.48,525.17,569.6,1135.26,1046.34,1205.7,1262.73,419.0,559.5,490.41,904.99,1079.01,904.99,1066.53,929.17,576.48,796.46,1677.62,545.66,381.93,304.92,1207.48,1289.46,1142.5,347.08,1768.46,1768.46,396.09,772.35,1602.47,580.54,651.2,965.03,948.10004,1295.66,1348.7,1445.05,1555.58,1445.05,1142.99,1312.34,1055.92,676.22003,864.93,947.82,712.85,645.97,734.62,811.74,848.92004,692.08,755.78,811.74,811.74,755.77,1194.73,954.32,1194.73,811.74,686.35,425.05,837.03,837.03,802.86,861.46,802.86,660.71,1061.12,892.43,1194.01,1369.09,1176.58,1419.62,1760.45,1488.87,962.91003,827.0,827.0,731.67,723.79,867.69,767.08,762.85,692.37,965.03,979.85,926.18,948.10004,1025.99,1295.66,1348.7,1445.05,1555.58,1445.05,1142.99,1312.34,1055.92,807.95996,676.22003,864.93,947.82,712.85,645.97,734.62,811.74,848.92004,692.08,811.74,811.74,755.77,1194.73,954.32,1194.73,811.74,785.66003,686.35,425.05,288.89,660.03,489.29,837.03,837.03,802.86,659.26,861.46,826.22003,802.86,660.71,915.05,1061.12,809.12,862.83,860.1,1194.01,940.12,915.05,912.41003,2766.95,466.92,949.89996,120.21,1369.09,1054.98,1176.58,997.56,1419.62,1320.21,892.41,1760.45,1488.87,827.0,827.0,731.67,723.79,767.08,762.85,692.37
1985,757.69,1080.61,1477.52,1477.52,1131.32,811.43,2710.12,1154.64,1071.91,1095.9299,347.54,394.68,1232.25,455.74,455.74,455.74,455.74,479.18,479.18,468.08002,468.08002,1122.54,1122.54,1122.54,1122.54,1027.82,394.68,350.9,644.6,797.3,992.5,1496.29,1496.29,1496.29,192.06,192.06,931.91003,920.85,457.83,457.83,457.83,522.61,522.61,1265.23,968.62,1058.4299,881.63,504.37,861.66,1232.25,1136.82,1207.5,1136.82,1321.5,633.07,346.8,1177.73,1201.38,1069.06,269.95,780.45,1056.57,1047.08,985.23,493.18002,332.42,344.0,390.82,1083.93,1083.93,1083.93,588.95,344.0,344.0,317.34,317.34,346.8,346.8,446.68,446.68,1156.1,608.02,381.77002,381.77002,381.77002,381.77002,1134.86,1058.8,608.02,1120.05,1120.05,378.03,1111.16,506.26,378.03,1822.81,960.6,269.95,966.27,591.46,1095.9299,1023.43,601.85,628.55,826.4,1087.86,910.83,1272.3,992.5,644.6,1145.99,380.14,1007.2,1058.4299,486.15,1172.87,488.66998,507.32,1036.79,1123.59,995.34,1048.02,491.74,584.81,375.84,1139.28,1211.6799,1139.28,1265.23,1194.1,628.55,728.8,1257.99,183.89,341.44998,293.46,924.79,879.18,733.48,216.59999,1286.87,1286.87,357.09,495.25998,1239.24,586.6,712.73,851.61,848.76,1050.48,1425.52,1338.12,1613.07,1338.12,1048.36,1302.62,1221.5,686.47,826.46,965.69,744.51,698.33,593.04,901.67,669.14,629.54,821.27997,901.67,901.67,840.89,970.59,793.38,970.59,901.67,721.99,484.5,965.58,965.58,679.07,713.2,679.07,576.45,844.65,756.05005,964.71,1182.09,856.06,1134.17,1177.4199,1191.76,937.11,850.46,850.46,722.7,796.69,940.02,682.87,756.95996,721.25,851.61,866.96,793.37,848.76,860.06,1050.48,1425.52,1338.12,1613.07,1338.12,1048.36,1302.62,1221.5,827.95,686.47,826.46,965.69,744.51,698.33,593.04,901.67,669.14,629.54,901.67,901.67,840.89,970.59,793.38,970.59,901.67,852.05,721.99,484.5,281.87,582.93,477.16,965.58,965.58,679.07,677.93,713.2,669.9,679.07,576.45,745.23,844.65,605.37,602.71,636.63,964.71,724.41003,745.23,767.74,2241.08,511.88,1029.1901,151.9,1182.09,849.62,856.06,1063.98,1134.17,1484.37,1059.42,1177.4199,1191.76,850.46,850.46,722.7,796.69,682.87,756.95996,721.25
1986,837.81,1018.44,2317.47,2317.47,1062.8,941.55,3278.94,929.15,952.82,1322.75,474.99,636.62,1230.92,446.91998,446.91998,446.91998,446.91998,603.04,603.04,575.24,575.24,926.88,926.88,926.88,926.88,961.16,636.62,542.27997,611.9,916.28,1218.83,1247.58,1247.58,1247.58,229.93001,229.93001,1157.65,1105.86,448.09,448.09,448.09,663.64,663.64,1420.87,1077.79,1218.39,935.95996,742.81,1239.34,1230.92,1276.26,1237.08,1276.26,1254.46,743.01,504.31,1111.09,1102.05,1180.49,231.89,606.36,1212.54,979.3,945.7,1009.5,641.02997,409.39,467.37,1045.79,1045.79,1045.79,537.28,409.39,409.39,385.6,385.6,504.31,504.31,513.13,513.13,977.87,1027.78,625.8,625.8,625.8,625.8,916.36,822.95996,1027.78,1181.62,1181.62,428.01,978.36,609.22003,428.01,2272.55,1041.69,231.89,982.57,530.91,1322.75,1218.3,597.72,674.16,593.43,1037.13,1085.38,1147.61,1218.83,611.9,1093.76,461.53,1146.14,1218.39,457.98,848.12,720.13,545.26,1177.0,1255.54,996.6,987.52,721.85,550.65,444.68,948.51,1083.8,948.51,1420.87,1009.01,674.16,834.45,1305.9,408.95,302.65,353.1,1086.78,879.05,540.21,278.78,1413.63,1413.63,316.01,377.42,1594.41,590.89,720.84,843.06,887.4,1222.26,1425.42,1420.04,1721.5499,1420.04,1178.42,1464.63,975.24,536.08997,724.42,813.64,663.06,730.51,765.21,1017.58,850.75,721.52,823.05,1017.58,1017.58,942.63,1095.98,857.58,1095.98,1017.58,631.32,422.82,678.37,678.37,836.12,751.79,836.12,559.31,895.48,812.72,1424.59,1129.1,1047.44,1001.89,1231.97,1487.75,840.95,953.02,953.02,752.61,721.61,793.25,776.83,777.75,713.62,843.06,914.95,828.57,887.4,926.85,1222.26,1425.42,1420.04,1721.5499,1420.04,1178.42,1464.63,975.24,746.68,536.08997,724.42,813.64,663.06,730.51,765.21,1017.58,850.75,721.52,1017.58,1017.58,942.63,1095.98,857.58,1095.98,1017.58,751.62,631.32,422.82,362.36002,617.60004,575.52,678.37,678.37,836.12,579.94,751.79,728.05,836.12,559.31,790.65,895.48,628.63,820.18,711.1,1424.59,945.94,790.65,786.71,2433.7,582.11,1120.69,206.4,1129.1,780.35,1047.44,907.02,1001.89,1292.14,901.38,1231.97,1487.75,953.02,953.02,752.61,721.61,776.83,777.75,713.62
1987,869.26,792.98,1954.49,1954.49,820.35,902.77,3013.06,802.14,1089.92,1174.37,421.68,467.19,905.14,233.21,233.21,233.21,233.21,470.94,470.94,476.83,476.83,829.65,829.65,829.65,829.65,1050.65,467.19,425.58,410.79,832.71,991.94,1333.58,1333.58,1333.58,211.56,211.56,1059.83,1079.14,558.61,558.61,558.61,403.09,403.09,1120.99,1038.6,1032.6,1310.33,660.95,1040.41,905.14,1071.96,1016.45,1071.96,1029.77,573.01,425.94998,976.49,1023.32,978.15,220.57,545.03,1469.6,1116.68,1323.16,805.25,585.96,263.98,323.71,731.79,731.79,731.79,384.14,263.98,263.98,263.16,263.16,425.94998,425.94998,472.65,472.65,863.63,672.76,469.06998,469.06998,469.06998,469.06998,945.34,889.95996,672.76,944.29,944.29,309.53,747.43,480.74,309.53,1812.02,896.65,220.57,943.99,375.59,1174.37,1014.72,579.36,471.02,549.2,1119.9,1393.97,1223.48,991.94,410.79,1381.52,283.8,973.12,1032.6,509.44,1126.89,501.93,506.38,1163.3,1212.66,991.62,1056.5,492.88998,543.08,377.69,794.21,1123.3099,794.21,1120.99,881.65,471.02,648.11,1315.35,351.86,357.82,292.38,1104.17,1024.33,888.48,268.04,1419.0701,1419.0701,377.36,753.04,1453.12,552.08,669.7,901.16,961.28,1270.13,1531.71,1597.41,1742.59,1597.41,1294.6,1480.67,1135.57,780.58,839.35,972.24,827.25,794.02,760.21,1110.97,857.74,733.73,819.8,1110.97,1110.97,1042.32,1162.93,948.57,1162.93,1110.97,702.62,588.26,1095.28,1095.28,748.08997,680.16,748.08997,532.5,821.3,881.27,1201.88,1028.61,977.2,1351.77,1501.94,1546.85,891.26,883.34,883.34,718.48,782.38,952.29,615.04004,745.05,710.52,901.16,1006.73,859.49,961.28,976.39,1270.13,1531.71,1597.41,1742.59,1597.41,1294.6,1480.67,1135.57,926.4,780.58,839.35,972.24,827.25,794.02,760.21,1110.97,857.74,733.73,1110.97,1110.97,1042.32,1162.93,948.57,1162.93,1110.97,826.57,702.62,588.26,256.68,614.23,513.38,1095.28,1095.28,748.08997,568.32,680.16,598.06,748.08997,532.5,710.81,821.3,749.56,772.8,802.22003,1201.88,899.86,710.81,702.9,1998.12,537.24,874.35,167.3,1028.61,878.6,977.2,1223.62,1351.77,1665.52,1139.04,1501.94,1546.85,883.34,883.34,718.48,782.38,615.04004,745.05,710.52
1988,916.07,845.95,2239.3901,2239.3901,908.37,1020.97,2792.71,863.26,953.13,1272.01,362.11,397.49,994.89,417.79,417.79,417.79,417.79,612.56,612.56,582.86,582.86,773.79,773.79,773.79,773.79,786.06,397.49,333.59,648.05,734.52,962.74,1213.24,1213.24,1213.24,181.23,181.23,1137.71,904.71,443.97,443.97,443.97,453.41,453.41,758.64996,568.27997,676.34,1065.97,705.05,1218.8,994.89,784.23,870.54,784.23,972.62,697.64,346.74,1030.28,1046.05,582.62,239.22,553.78,1190.53,765.23,1089.11,650.95,467.96,312.6,352.8,640.72003,640.72003,640.72003,518.64,312.6,312.6,268.63,268.63,346.74,346.74,438.14,438.14,951.33,604.36,383.75,383.75,383.75,383.75,959.27,872.64,604.36,1001.47,1001.47,354.73,918.64,472.72,354.73,2307.32,842.66,239.22,915.82,513.94,1272.01,678.76,463.35,382.18,615.57,1190.84,1049.31,1223.42,962.74,648.05,1058.11,324.86,611.33,676.34,345.37,878.94,416.27,335.88,993.87,1262.34,883.27997,967.64,430.65,494.14,354.9,792.18,1226.77,792.18,758.64996,960.65,382.18,668.17,1281.57,261.09,414.56,334.85,1105.81,959.24,783.89,323.08,1391.24,1391.24,461.83,649.81,1427.12,695.8,701.45,913.42,967.84,1295.6,1559.99,1631.21,1922.61,1631.21,1373.82,1625.96,1050.22,565.46,701.65,831.12,743.22,730.95,653.64,1037.35,756.32,685.31,766.52,1037.35,1037.35,954.71,1138.63,876.99,1138.63,1037.35,698.67,487.93,836.84,836.84,900.38,846.75,900.38,637.94,803.62,872.17004,1273.63,1068.46,714.12,1085.07,1244.62,1551.05,945.05,851.6,851.6,681.61,889.0,953.22,653.77997,691.98,656.36,913.42,1009.41,862.36,967.84,1008.18,1295.6,1559.99,1631.21,1922.61,1631.21,1373.82,1625.96,1050.22,845.49,565.46,701.65,831.12,743.22,730.95,653.64,1037.35,756.32,685.31,1037.35,1037.35,954.71,1138.63,876.99,1138.63,1037.35,933.4,698.67,487.93,324.02002,426.97,490.25,836.84,836.84,900.38,594.78,846.75,758.7,900.38,637.94,783.57,803.62,608.61,776.65,822.12,1273.63,912.01,783.57,803.85,2228.23,526.83997,989.55,218.47,1068.46,723.25,714.12,914.97003,1085.07,1346.66,968.86,1244.62,1551.05,851.6,851.6,681.61,889.0,653.77997,691.98,656.36
1989,845.70996,781.7,2164.47,2164.47,904.37,871.41,2976.33,760.85,911.62,1353.5599,316.53,403.74,1097.5599,386.66,386.66,386.66,386.66,652.48,652.48,639.28,639.28,678.89996,678.89996,678.89996,678.89996,697.27,403.74,294.69,588.84,703.16003,1174.37,1563.63,1563.63,1563.63,212.69,212.69,1127.71,1245.4,522.36,522.36,522.36,305.33002,305.33002,909.73,712.06,844.75,857.88,561.3,953.02997,1097.5599,774.08,806.24,774.08,851.08,376.65,305.48,1520.1799,1636.5,643.88,321.9,818.01,926.06,680.2,1435.55,703.67,473.4,284.79,352.72,705.4,705.4,705.4,486.16,284.79,284.79,182.42,182.42,305.48,305.48,328.98,328.98,860.79,687.04,367.35,367.35,367.35,367.35,769.05,697.56,687.04,643.67,643.67,248.55,870.5,302.13,248.55,2032.96,893.63,321.9,1143.36,475.01,1353.5599,1184.02,559.71,517.05,712.09,1317.38,820.75,1787.75,1174.37,588.84,1161.3201,192.84999,784.04,844.75,208.49,1141.76,441.8,379.28,1033.91,1127.53,1116.11,1528.71,341.82,482.05002,271.13,694.57,1480.56,694.57,909.73,885.55,517.05,791.88,1274.5599,342.07,314.62,336.7,1041.0,876.49,654.15,202.28,1324.34,1324.34,333.74,420.77,1149.64,840.3,827.3,693.95,754.67,1001.16003,1155.29,1114.04,1342.87,1114.04,927.45996,1122.92,988.38,557.01,672.78,775.58997,666.78,498.68,559.09,852.23,639.87,508.36002,633.23,852.23,852.23,779.9,914.87,729.64,914.87,852.23,540.75,704.8,1099.88,1099.88,711.97,708.96,711.97,695.06,692.51,678.67,962.48,931.01,738.31,1136.91,1317.51,1111.14,743.39,931.18,931.18,671.34,608.7,743.55,553.75,700.81,665.08997,693.95,792.05,675.23,754.67,782.93,1001.16003,1155.29,1114.04,1342.87,1114.04,927.45996,1122.92,988.38,750.68,557.01,672.78,775.58997,666.78,498.68,559.09,852.23,639.87,508.36002,852.23,852.23,779.9,914.87,729.64,914.87,852.23,646.28,540.75,704.8,591.43,683.84,783.47,1099.88,1099.88,711.97,707.87,708.96,767.8,711.97,695.06,564.02,692.51,407.0,626.69,637.7,962.48,665.61,564.02,557.97003,2569.04,451.62,820.59,125.67,931.01,797.0,738.31,941.58997,1136.91,1312.36,877.33997,1317.51,1111.14,931.18,931.18,671.34,608.7,553.75,700.81,665.08997
1990,895.69,870.27,2689.22,2689.22,1085.73,1016.05,3135.06,969.8,978.38,1475.61,273.22,329.25,1428.61,616.05,616.05,616.05,616.05,670.81,670.81,661.11,661.11,983.98,983.98,983.98,983.98,1101.8,329.25,273.1,819.0,882.59,1243.68,1020.05,1020.05,1020.05,210.2,210.2,1340.37,1306.09,455.49002,455.49002,455.49002,486.41,486.41,1334.62,810.63,1027.48,587.37,693.41,1196.09,1428.61,1230.1901,1264.19,1230.1901,1320.35,609.57,274.16998,942.32,1016.81,841.27,260.17,698.85,840.26,1140.47,1425.95,576.13,389.47998,315.46,374.09,976.87,976.87,976.87,655.03,315.46,315.46,289.49,289.49,274.16998,274.16998,464.85,464.85,982.09,551.76,296.52,296.52,296.52,296.52,1092.01,997.33,551.76,1045.58,1045.58,310.13,895.33,429.38998,310.13,2695.95,813.11,260.17,1150.8099,662.8,1475.61,1290.65,572.5,481.71,713.27997,1150.48,686.14,1479.52,1243.68,819.0,745.98,363.13,930.81,1027.48,418.14,1322.75,402.56,404.02002,1184.63,836.11,1166.77,1162.93,337.87,595.25,379.6,1047.01,1222.8201,1047.01,1334.62,1022.43005,481.71,767.78,1199.69,273.28,388.55,270.76,1444.53,942.21,791.7,294.08,1541.86,1541.86,440.2,278.02,1473.46,561.18,637.89,719.24,792.52997,1086.38,1354.25,1401.69,1585.93,1401.69,1160.69,1384.35,1040.05,593.7,628.0,875.54,601.4,678.53,570.75,796.47003,665.37,630.14,834.98,796.47003,796.47003,707.59,970.48,719.52997,970.48,796.47003,736.33,330.47998,604.79,604.79,770.57,749.61,770.57,546.3,834.39,657.52,1098.58,1078.68,893.69,1165.22,1308.51,1327.58,803.62,1029.79,1029.79,748.02,760.81,925.33997,735.64996,786.45,688.65,719.24,825.77997,689.74,792.52997,786.05,1086.38,1354.25,1401.69,1585.93,1401.69,1160.69,1384.35,1040.05,678.56,593.7,628.0,875.54,601.4,678.53,570.75,796.47003,665.37,630.14,796.47003,796.47003,707.59,970.48,719.52997,970.48,796.47003,902.51,736.33,330.47998,354.84,386.02,520.68,604.79,604.79,770.57,581.16,749.61,736.98,770.57,546.3,744.21,834.39,576.25,594.16,590.2,1098.58,625.67,744.21,734.18,2691.44,537.09,917.07,150.66,1078.68,784.74,893.69,1005.77,1165.22,1445.47,1042.23,1308.51,1327.58,1029.79,1029.79,748.02,760.81,735.64996,786.45,688.65
1991,951.27,867.67,2166.07,2166.07,886.5,974.02,2812.24,1059.18,859.20996,1293.5701,399.98,468.87,1026.91,435.99,435.99,435.99,435.99,535.97,535.97,529.47003,529.47003,1099.61,1099.61,1099.61,1099.61,970.45996,468.87,438.94,555.8,828.12,1043.33,1401.5,1401.5,1401.5,219.69,219.69,1139.35,897.04,461.03,461.03,461.03,541.13,541.13,881.59,634.46,756.55,976.17,614.11,1032.66,1026.91,1022.71,1086.39,1022.71,1093.24,666.35,409.73,1179.21,1157.84,877.35,192.6,566.67,1110.8,969.36,1624.55,661.04,470.31,363.05,432.44998,987.79,987.79,987.79,572.75,363.05,363.05,332.0,332.0,409.73,409.73,408.36,408.36,1090.08,804.87,444.98,444.98,444.98,444.98,1080.0,970.8,804.87,1008.08,1008.08,327.74,1139.65,536.71,327.74,2228.21,849.33,192.6,827.69,575.93,1293.5701,1202.85,550.92,609.23,482.97,1414.72,1076.76,1437.53,1043.33,555.8,1240.5801,437.01,722.89,756.55,320.02,884.97,579.36,506.5,1216.6,1209.8,831.39,1059.96,570.36,535.88,360.41,1044.9501,1590.4401,1044.9501,881.59,1129.93,609.23,826.94,1344.78,473.16,383.36,276.2,842.77,955.19995,913.5,207.63,1480.77,1480.77,420.94,976.61,1550.03,504.8,767.76,700.62,697.43,959.61,1394.32,1284.66,1633.08,1284.66,1028.71,1244.83,1029.73,642.87,695.84,803.25,653.82,630.38,485.63,767.52997,572.02,517.69,718.07,767.52997,767.52997,720.04,855.05,649.14996,855.05,767.52997,677.18,320.05,601.1,601.1,746.7,705.14,746.7,644.36,717.94,624.23,831.48,1027.43,976.71,1129.83,1200.71,1249.54,668.39,933.71,933.71,643.95,787.0,715.71,603.51,659.76,639.84,700.62,705.04,718.47003,697.43,720.57,959.61,1394.32,1284.66,1633.08,1284.66,1028.71,1244.83,1029.73,725.24,642.87,695.84,803.25,653.82,630.38,485.63,767.52997,572.02,517.69,767.52997,767.52997,720.04,855.05,649.14996,855.05,767.52997,711.62,677.18,320.05,269.29,481.88,442.4,601.1,601.1,746.7,652.69,705.14,678.32,746.7,644.36,770.6,717.94,511.09,531.84,568.59,831.48,626.47,770.6,768.7,2058.03,561.04,861.01,252.86,1027.43,788.35,976.71,987.73,1129.83,1424.17,985.74,1200.71,1249.54,933.71,933.71,643.95,787.0,603.51,659.76,639.84
1992,866.2,1004.58,2015.58,2015.58,1138.76,834.60004,2933.82,813.8,1124.54,1093.9,452.88998,539.98,1062.73,528.92,528.92,528.92,528.92,622.97,622.97,605.05,605.05,774.96,774.96,774.96,774.96,771.59,539.98,490.53,665.21,806.06,1021.68,1698.6,1698.6,1698.6,246.18001,246.18001,993.35,1141.25,515.89,515.89,515.89,415.1,415.1,1262.08,998.81,1039.11,1079.59,622.36,1023.67,1062.73,1083.18,1173.02,1083.18,1226.55,525.32,474.87003,1375.08,1352.27,950.49,230.22,545.12,1118.4,802.25,1081.73,846.19,651.46,267.69998,323.91998,846.21,846.21,846.21,572.38,267.69998,267.69998,312.11,312.11,474.87003,474.87003,545.85,545.85,881.29,747.91,530.2,530.2,530.2,530.2,869.77,796.8,747.91,837.64,837.64,404.85,880.27997,408.75,404.85,1838.12,860.05,230.22,965.92,573.29,1093.9,1053.54,547.23,558.91,638.38,1302.25,1001.49,1374.58,1021.68,665.21,1322.86,318.21,1023.47,1039.11,411.01,980.39,512.14,394.99,1140.36,1063.6,929.31,1133.67,568.62,534.29,521.39,797.65,1298.87,797.65,1262.08,908.29,558.91,776.47,1102.4,237.64,482.76,479.07,1105.9,774.67,592.06,486.97,1116.08,1116.08,507.09,241.03,1241.53,780.14,864.24,789.65,836.56,1130.84,1398.82,1402.0,1639.3,1402.0,1153.53,1443.92,916.10004,577.21,619.77997,796.51,644.09,576.37,718.81,889.55,791.79,667.56,724.9,889.55,889.55,807.32,1001.01,768.12,1001.01,889.55,601.76,354.13,609.31,609.31,768.38,714.63,768.38,794.22003,903.52,832.41,1025.29,748.36,938.15,1287.78,1650.24,1564.57,846.93,788.52,788.52,785.17,659.74,760.18,667.97,812.05,746.28,789.65,858.89,769.05,836.56,842.76,1130.84,1398.82,1402.0,1639.3,1402.0,1153.53,1443.92,916.10004,707.16003,577.21,619.77997,796.51,644.09,576.37,718.81,889.55,791.79,667.56,889.55,889.55,807.32,1001.01,768.12,1001.01,889.55,680.65,601.76,354.13,445.06,478.86,493.22,609.31,609.31,768.38,786.73,714.63,658.61,768.38,794.22003,1007.46,903.52,717.0,669.76,660.77,1025.29,772.13,1007.46,1011.30005,1906.02,481.72,990.1,281.04,748.36,840.08997,938.15,1106.87,1287.78,1401.88,1032.62,1650.24,1564.57,788.52,788.52,785.17,659.74,667.97,812.05,746.28
1993,768.78,790.46,2018.55,2018.55,956.81,910.55,3014.83,931.93,1130.93,1173.22,506.77002,623.59,1402.75,478.5,478.5,478.5,478.5,532.27,532.27,516.28,516.28,1133.41,1133.41,1133.41,1133.41,1073.11,623.59,546.55,613.14,851.4,1019.49,1424.39,1424.39,1424.39,239.23,239.23,1178.6799,1216.76,530.91,530.91,530.91,339.22,339.22,1440.1699,1308.47,1408.73,1129.62,634.44,1048.57,1402.75,1603.8,1580.03,1603.8,1494.25,447.56,517.09,1196.8,1296.34,1423.8401,329.31,798.41,1219.0599,1080.23,1114.99,1000.39996,719.65,443.87,471.53,994.01,994.01,994.01,618.66,443.87,443.87,200.44,200.44,517.09,517.09,578.39996,578.39996,966.52,991.54,610.51,610.51,610.51,610.51,1008.76,908.14,991.54,806.63,806.63,372.31,835.86,343.71,372.31,1810.87,830.65,329.31,1098.37,609.91,1173.22,942.97,616.59,899.22,512.93,1273.5599,1101.64,1273.78,1019.49,613.14,1050.5,206.36,1357.43,1408.73,404.91,1049.37,839.0,498.52,1063.97,1216.98,1085.45,1169.19,796.11,568.53,554.3,948.91003,1284.83,948.91003,1440.1699,1009.44,899.22,769.29004,1288.1799,357.17,326.48,412.95,724.4,1198.02,1153.75,285.14,1403.58,1403.58,370.37,655.59,1419.32,856.22,742.52,887.57,903.59,1246.97,1485.99,1393.84,1658.4,1393.84,1081.68,1385.98,903.55,604.82,645.14,807.71,678.64,741.45,703.69,948.58,808.17,730.18,843.91,948.58,948.58,867.20996,1157.15,922.3,1157.15,948.58,724.52,391.86,746.10004,746.10004,655.04,642.82,655.04,592.96,913.11,861.3,1116.89,915.77,779.53,1007.0,1301.56,1716.45,987.1,836.5,836.5,727.02997,851.63,836.29,588.76,738.7,696.66,887.57,945.59,830.81,903.59,948.32,1246.97,1485.99,1393.84,1658.4,1393.84,1081.68,1385.98,903.55,782.08,604.82,645.14,807.71,678.64,741.45,703.69,948.58,808.17,730.18,948.58,948.58,867.20996,1157.15,922.3,1157.15,948.58,840.67,724.52,391.86,302.88,376.21,399.11,746.10004,746.10004,655.04,616.6,642.82,628.6,655.04,592.96,868.63,913.11,770.43,729.76,833.48,1116.89,826.22003,868.63,843.11,2304.37,402.89,1065.9,152.36,915.77,719.83,779.53,1017.10004,1007.0,1463.36,960.37,1301.56,1716.45,836.5,836.5,727.02997,851.63,588.76,738.7,696.66
1994,798.72,827.02,2488.93,2488.93,887.17,1034.98,3350.97,721.91,822.08,1289.76,350.27,449.2,917.61,437.8,437.8,437.8,437.8,553.0,553.0,538.88,538.88,785.38,785.38,785.38,785.38,869.88,449.2,397.05002,577.12,540.87,1143.15,1361.3,1361.3,1361.3,220.49,220.49,1106.78,1272.4,528.89,528.89,528.89,287.61,287.61,861.5,690.34,879.39,1172.36,662.17,1129.18,917.61,918.99,957.96,918.99,1033.53,496.81,349.54,1215.0,1228.19,812.89996,317.32,676.7,1363.47,905.15,1475.98,734.24,567.16,309.38,345.38998,892.64,892.64,892.64,555.1,309.38,309.38,291.85,291.85,349.54,349.54,410.22,410.22,784.96,687.48,414.19,414.19,414.19,414.19,941.33997,904.96,687.48,938.13,938.13,404.52,832.74,437.4,404.52,2536.94,691.98,317.32,1051.31,555.2,1289.76,1130.53,397.83002,788.52997,568.06,1429.72,1286.53,1557.38,1143.15,577.12,1413.68,206.54,867.41,879.39,303.01,1008.0,635.2,405.49,928.75,1294.38,1081.49,1187.87,490.02,409.2,344.55002,747.67,1525.51,747.67,861.5,809.74,788.52997,712.06,1442.84,121.590004,221.51,163.69,562.76,907.85,941.15,149.99,1455.5801,1455.5801,241.06,541.69,1601.3201,372.99,476.99002,887.19,837.44,1223.48,1319.09,1535.48,1546.36,1535.48,1242.39,1494.86,1036.97,635.5,720.82,933.0,632.72,701.88,716.74,950.06,810.99,720.19,879.71,950.06,950.06,930.98,1051.69,815.26,1051.69,950.06,734.73,318.43,720.24,720.24,688.07,713.94,688.07,583.52997,970.02,788.89,1243.13,878.94,644.86,969.56,1226.49,1615.98,909.49,816.95,816.95,537.11,839.97,786.98,548.02,555.84,520.94,887.19,868.01,826.48,837.44,901.66,1223.48,1319.09,1535.48,1546.36,1535.48,1242.39,1494.86,1036.97,765.57,635.5,720.82,933.0,632.72,701.88,716.74,950.06,810.99,720.19,950.06,950.06,930.98,1051.69,815.26,1051.69,950.06,895.7,734.73,318.43,211.7,333.66,337.97,720.24,720.24,688.07,479.86002,713.94,659.53,688.07,583.52997,849.08,970.02,784.2,819.08,837.72,1243.13,995.04,849.08,893.9,2382.67,407.39,1028.92,242.92,878.94,876.76,644.86,942.48,969.56,1376.28,796.77,1226.49,1615.98,816.95,816.95,537.11,839.97,548.02,555.84,520.94
1995,797.15,950.63,2636.34,2636.34,990.79,829.85,2831.21,1000.04,1066.88,1322.79,721.73,853.13,1156.17,324.93,324.93,324.93,324.93,778.09,778.09,767.33,767.33,860.05,860.05,860.05,860.05,811.08997,853.13,690.39,474.58,924.36,1022.39,1298.32,1298.32,1298.32,380.85,380.85,1131.98,1134.86,631.41003,631.41003,631.41003,238.33,238.33,1082.25,842.23,1049.17,1287.53,922.01,1490.63,1156.17,1130.2001,1173.13,1130.2001,1240.71,381.8,733.89,1190.41,1138.01,928.16003,263.41,486.16,1452.92,834.4,1101.42,1415.4299,1065.68,454.03998,516.58997,849.27,849.27,849.27,487.84,454.03998,454.03998,151.56,151.56,733.89,733.89,314.85,314.85,1036.3099,1267.63,879.8,879.8,879.8,879.8,1063.65,955.59,1267.63,768.35,768.35,251.43,942.78,347.41,251.43,3001.71,944.08,263.41,999.2,474.38,1322.79,949.56,601.35,698.52,582.41003,1314.2001,1199.05,1419.4,1022.39,474.58,1081.34,150.04,994.32,1049.17,317.43,970.70996,587.43,545.81,1057.0599,1274.34,1009.14,1148.64,913.64,528.77,269.03,974.19,1419.23,974.19,1082.25,1078.14,698.52,853.08997,1942.36,300.04,407.12,370.57,935.0,1311.31,635.22003,467.38,1769.68,1769.68,423.97998,444.4,1460.6,644.5,766.39996,766.99,839.24,1199.01,1369.21,1709.77,1855.1901,1709.77,1364.78,1671.13,1084.81,748.6,873.24,995.63,879.48,656.31,628.54004,1175.97,719.1,600.07,739.36,1175.97,1175.97,1086.52,1032.25,779.0,1032.25,1175.97,627.15,453.3,866.26,866.26,663.33,730.46,663.33,667.88,809.99,807.46,1261.12,1113.83,743.32,1175.6,1475.87,1510.62,741.43,820.77997,820.77997,626.29,742.46,884.26,639.9,653.38,614.08,766.99,901.9,744.67,839.24,856.63,1199.01,1369.21,1709.77,1855.1901,1709.77,1364.78,1671.13,1084.81,996.6,748.6,873.24,995.63,879.48,656.31,628.54004,1175.97,719.1,600.07,1175.97,1175.97,1086.52,1032.25,779.0,1032.25,1175.97,713.99,627.15,453.3,191.37,388.46,364.06,866.26,866.26,663.33,672.61,730.46,632.74,663.33,667.88,765.38,809.99,675.16,785.13,750.77,1261.12,897.85,765.38,773.41,1846.99,542.64,893.97,101.03,1113.83,902.52997,743.32,855.25,1175.6,1145.9,820.36,1475.87,1510.62,820.77997,820.77997,626.29,742.46,639.9,653.38,614.08
1996,828.66003,1003.61,2604.95,2604.95,1159.91,975.47,3054.6099,969.74,835.75,1748.13,704.5,868.28,1599.48,373.69998,373.69998,373.69998,373.69998,894.72,894.72,875.52997,875.52997,875.17004,875.17004,875.17004,875.17004,863.62,868.28,696.44,598.91003,759.77997,1282.6,1437.41,1437.41,1437.41,375.12,375.12,1362.73,1401.5801,606.01,606.01,606.01,342.93,342.93,950.94,832.69,999.57,892.65,1098.23,1798.03,1599.48,936.89,1008.72,936.89,1109.36,517.21,713.38,1302.28,1190.74,947.21,253.89,598.14,1040.59,880.61,1102.48,1285.5,830.75,415.33,475.54,920.06,920.06,920.06,431.02,415.33,415.33,241.34,241.34,713.38,713.38,322.81,322.81,1045.76,1497.76,841.49,841.49,841.49,841.49,1035.06,975.12,1497.76,762.22,762.22,203.38,902.0,392.28998,203.38,3287.21,783.36,253.89,1556.94,426.69,1748.13,883.0,541.69,673.62,558.95,1210.3,1004.11,1446.35,1282.6,598.91003,1224.3,241.09,948.14,999.57,355.75,1376.0801,668.41,497.55,1018.25,1102.57,1540.41,1460.93,984.89996,555.17,270.52,893.07,1289.02,893.07,950.94,1066.15,673.62,861.97,1303.92,165.44,396.76,279.58002,754.12,875.82,597.35,234.84,1453.23,1453.23,420.35,473.12,1732.9401,624.64,712.92,620.69,718.95,891.1,1437.38,1447.59,1609.95,1447.59,1072.21,1325.75,1135.92,717.02997,826.04,936.5,727.06,596.15,570.58,900.87,610.33,598.36,588.96,900.87,900.87,825.88,843.94,683.49,843.94,900.87,487.37,680.1,1303.28,1303.28,714.99,690.52997,714.99,604.61,880.02997,651.74,977.08,1406.16,1132.32,1593.98,1536.04,1511.3099,634.87,666.89,666.89,633.98,635.9,673.1,497.33,643.85,621.13,620.69,739.86,660.8,718.95,705.13,891.1,1437.38,1447.59,1609.95,1447.59,1072.21,1325.75,1135.92,779.69,717.02997,826.04,936.5,727.06,596.15,570.58,900.87,610.33,598.36,900.87,900.87,825.88,843.94,683.49,843.94,900.87,567.57,487.37,680.1,330.32,858.11,646.34,1303.28,1303.28,714.99,563.58997,690.52997,621.76,714.99,604.61,962.33,880.02997,1017.85,646.06,578.54,977.08,757.45,962.33,965.77,2688.88,569.43,927.87,137.4,1406.16,1015.55,1132.32,1079.78,1593.98,1498.65,1019.43,1536.04,1511.3099,666.89,666.89,633.98,635.9,497.33,643.85,621.13
1997,912.82,914.22003,2944.44,2944.44,932.12,1077.2,2669.01,855.34,1138.54,1234.87,428.71,506.05,1143.18,359.67,359.67,359.67,359.67,664.56,664.56,644.34,644.34,767.54,767.54,767.54,767.54,792.64,506.05,480.68,499.47998,846.29,1056.22,1608.11,1608.11,1608.11,238.07,238.07,1021.27,967.41003,587.3,587.3,587.3,372.09,372.09,995.0,858.08997,871.88,1030.12,645.55,1122.45,1143.18,1115.78,1065.51,1115.78,1069.33,647.36,466.29,1107.7,1093.09,796.4,275.61002,468.33,1249.4,824.73,1295.71,752.02,545.15,319.63998,351.97,801.06,801.06,801.06,438.36,319.63998,319.63998,364.04,364.04,466.29,466.29,384.28,384.28,904.77997,712.05,514.77,514.77,514.77,514.77,802.32,733.59,712.05,1032.43,1032.43,241.73,752.0,522.07,241.73,2719.85,895.63,275.61002,867.32,443.06,1234.87,1018.11,668.02997,661.27,512.99,1455.91,1184.22,1305.3201,1056.22,499.47998,1402.25,267.39,847.86,871.88,393.52002,865.24,554.57,519.63,1053.4,1235.27,863.79004,1065.51,468.08,575.98,322.23,886.96,1598.41,886.96,995.0,904.05,661.27,812.52,1818.44,369.81,343.51,278.98,734.94,1515.84,987.05005,280.55,1989.7,1989.7,332.15,590.14,1359.72,483.54,466.22,725.7,767.15,1025.4401,1309.1901,1278.24,1569.74,1278.24,1013.52,1153.88,1314.04,783.69,790.88,1078.32,667.54,660.44,611.89996,865.25,704.95,624.62,669.1,865.25,865.25,808.08,932.1,738.48,932.1,865.25,555.85,650.41,1085.61,1085.61,666.97,627.11,666.97,548.07,933.25,738.77,1048.41,1032.05,920.08997,1040.41,1196.37,1155.69,732.03,862.95,862.95,637.97003,680.85,813.49,613.77,679.92,651.03,725.7,788.39996,706.22,767.15,771.32,1025.4401,1309.1901,1278.24,1569.74,1278.24,1013.52,1153.88,1314.04,800.32,783.69,790.88,1078.32,667.54,660.44,611.89996,865.25,704.95,624.62,865.25,865.25,808.08,932.1,738.48,932.1,865.25,728.74,555.85,650.41,420.28,721.48,688.69,1085.61,1085.61,666.97,543.2,627.11,590.27,666.97,548.07,747.31,933.25,569.35,718.86,704.82,1048.41,785.67,747.31,759.02,2428.3801,588.36,980.96,170.59,1032.05,741.28,920.08997,866.58997,1040.41,1450.76,964.71,1196.37,1155.69,862.95,862.95,637.97003,680.85,613.77,679.92,651.03
1998,673.58,848.88,2510.42,2510.42,800.92,739.38,2861.09,734.02,1038.99,1360.6,785.48,873.97003,1244.96,374.87,374.87,374.87,374.87,718.37,718.37,692.14996,692.14996,884.74,884.74,884.74,884.74,943.17,873.97003,800.14,545.62,738.51,1024.72,1562.75,1562.75,1562.75,269.31,269.31,1210.22,1058.34,574.08,574.08,574.08,316.79,316.79,1394.5,976.89996,1221.9,888.47,949.89,1479.74,1244.96,1385.84,1301.75,1385.84,1280.28,578.36,771.77997,1447.55,1497.84,861.3,269.19,771.15,1087.86,985.86,1136.99,1355.97,1057.95,519.12,601.8,817.32,817.32,817.32,444.44,519.12,519.12,249.64,249.64,771.77997,771.77997,348.58,348.58,754.55,1359.35,854.54004,854.54004,854.54004,854.54004,890.08,807.57,1359.35,852.37,852.37,260.26,798.57,423.83,260.26,2674.53,648.41003,269.19,1036.18,455.49,1360.6,891.1,530.14,711.69,501.61,1488.26,990.38,1227.23,1024.72,545.62,1331.5,205.83,1167.25,1221.9,349.85,1021.13,696.68,575.61,831.39,1133.27,1072.95,1096.32,927.92,511.15,291.92,717.57,1501.58,717.57,1394.5,791.05,711.69,730.68,1561.01,306.31,379.85,314.96,1102.78,1325.66,1250.31,294.69,1686.77,1686.77,429.76,511.68,1358.62,587.8,616.08,1094.34,1017.42,1292.82,1335.9401,1401.64,1658.98,1401.64,1121.91,1307.33,1148.15,750.9,782.92,983.04004,696.88,789.04,794.69,1018.03,911.98,700.77997,993.95996,1018.03,1018.03,936.46,1196.29,980.45,1196.29,1018.03,789.54004,375.3,664.23,664.23,789.27,842.66,789.27,815.19,794.23,816.2,1159.65,1239.57,873.02,1216.88,1247.78,1140.0499,1159.37,955.61,955.61,832.53,947.31,1075.41,689.9,876.02,834.97,1094.34,1012.85004,1032.9,1017.42,1093.05,1292.82,1335.9401,1401.64,1658.98,1401.64,1121.91,1307.33,1148.15,807.15,750.9,782.92,983.04004,696.88,789.04,794.69,1018.03,911.98,700.77997,1018.03,1018.03,936.46,1196.29,980.45,1196.29,1018.03,947.36,789.54004,375.3,195.08,431.77002,369.46,664.23,664.23,789.27,780.33997,842.66,794.45,789.27,815.19,676.37,794.23,530.17,717.27,729.04,1159.65,759.26,676.37,691.13,2057.5,463.16,1077.61,103.08,1239.57,792.44,873.02,1010.18,1216.88,1441.03,949.09,1247.78,1140.0499,955.61,955.61,832.53,947.31,689.9,876.02,834.97
1999,818.35,834.0,2740.3,2740.3,884.85,888.59,2695.18,846.87,1040.0599,1320.3099,308.52,378.73,958.05,356.76,356.76,356.76,356.76,595.25,595.25,557.96,557.96,810.88,810.88,810.88,810.88,775.09,378.73,357.8,609.84,709.05,1059.28,1579.13,1579.13,1579.13,182.48,182.48,1134.28,1005.61,519.01,519.01,519.01,380.06998,380.06998,1164.05,889.52997,1052.47,1061.78,721.67,1312.3,958.05,810.59,937.18,810.59,989.41,513.02997,326.44,1326.1799,1345.2101,826.01,209.29001,431.62,1134.3,794.85004,1033.05,644.5,451.24,276.04,325.26,903.94,903.94,903.94,442.88,276.04,276.04,236.81,236.81,326.44,326.44,240.86,240.86,909.57,640.99,372.46002,372.46002,372.46002,372.46002,872.85,783.31,640.99,746.93,746.93,150.26,845.13,385.34,150.26,2955.1199,658.6,209.29001,927.64,432.34,1320.3099,731.08,538.76,675.8,697.02997,1091.98,1017.58997,1098.82,1059.28,609.84,886.69,280.73,993.5,1052.47,292.68,844.17,600.8,398.48,987.99,860.92,902.97,1123.17,416.9,474.22,181.78,793.56,1141.98,793.56,1164.05,918.75,675.8,692.91003,1803.42,226.77,446.02002,305.41,927.5,1110.43,881.14,309.38,1863.14,1863.14,450.42,560.18,1243.15,608.86,614.5,827.33997,899.91003,1251.7,1868.1,1734.32,2162.1199,1734.32,1400.52,1734.56,1097.91,725.26,759.71,926.83,669.9,714.27,656.04,829.04,748.05,622.62,777.64,829.04,829.04,764.53,1106.21,838.58,1106.21,829.04,810.89,366.79,739.83,739.83,670.01,646.19,670.01,690.72003,967.92,843.55,1404.91,1198.4299,909.91,1178.4,1451.2,1710.22,907.67,736.83997,736.83997,632.55,930.75,1020.37,652.68,652.59,632.73,827.33997,935.26,821.18,899.91003,907.48,1251.7,1868.1,1734.32,2162.1199,1734.32,1400.52,1734.56,1097.91,725.66,725.26,759.71,926.83,669.9,714.27,656.04,829.04,748.05,622.62,829.04,829.04,764.53,1106.21,838.58,1106.21,829.04,973.46,810.89,366.79,338.4,483.13998,420.12,739.83,739.83,670.01,730.47,646.19,657.79,670.01,690.72003,928.73,967.92,738.14,898.73,867.54,1404.91,1022.06,928.73,922.68,2434.32,576.51,1004.26,85.92,1198.4299,872.39,909.91,1128.0,1178.4,1608.79,1158.41,1451.2,1710.22,736.83997,736.83997,632.55,930.75,652.68,652.59,632.73
2000,886.99,963.83997,1898.32,1898.32,948.5,918.14,2889.79,863.29,1138.55,1341.75,521.49,603.77,1161.98,433.39,433.39,433.39,433.39,591.6,591.6,596.5,596.5,1004.39996,1004.39996,1004.39996,1004.39996,923.38,603.77,547.3,629.47003,682.1,1055.62,1027.98,1027.98,1027.98,241.95,241.95,1120.38,1015.64,527.92,527.92,527.92,292.59,292.59,758.08997,706.32,742.01,740.67,602.14,1057.89,1161.98,851.73,877.3,851.73,864.48,462.22998,530.58,1284.65,1322.6,565.7,248.65,653.44,734.35,923.28,1027.17,871.8,633.89,337.09,386.56,783.35,783.35,783.35,545.23,337.09,337.09,255.56,255.56,530.58,530.58,419.93,419.93,904.83,993.55,594.56,594.56,594.56,594.56,988.14,876.59,993.55,668.98,668.98,246.04,808.51,356.47,246.04,1899.0,824.19,248.65,956.77,542.47,1341.75,935.82,436.91,826.1,720.29,891.93,649.15,1094.14,1055.62,629.47003,949.2,212.54,700.82,742.01,289.62,766.84,745.77,440.32,792.85,752.52,991.15,1087.73,673.12,394.89,346.46,863.56,977.46,863.56,758.08997,930.11,826.1,647.79,1874.7001,766.02997,348.35,307.33,943.76,1286.77,1136.64,368.73,1931.7999,1931.7999,379.78,834.56,1344.9,527.45,719.27,967.61,1039.6901,1284.68,1814.37,1382.17,1947.56,1382.17,1078.9,1350.66,1162.25,637.61,741.54,979.57,728.17,698.83,648.62,961.66,768.93,604.71,755.89,961.66,961.66,899.81,1124.12,884.49,1124.12,961.66,715.54,444.85,997.11,997.11,740.93,732.86,740.93,795.59,1071.97,968.02,1205.11,1044.58,843.27,1325.57,1786.27,1742.74,952.87,827.2,827.2,960.01,783.0,1087.91,664.9,985.26,954.16,967.61,1061.03,966.15,1039.6901,1002.92,1284.68,1814.37,1382.17,1947.56,1382.17,1078.9,1350.66,1162.25,808.47,637.61,741.54,979.57,728.17,698.83,648.62,961.66,768.93,604.71,961.66,961.66,899.81,1124.12,884.49,1124.12,961.66,870.02,715.54,444.85,243.79001,468.82,473.46,997.11,997.11,740.93,718.52,732.86,697.16,740.93,795.59,925.45996,1071.97,847.88,919.13,925.68,1205.11,900.15,925.45996,925.44,3026.3801,661.19,1031.0,167.72,1044.58,981.62,843.27,1266.91,1325.57,1814.36,1164.41,1786.27,1742.74,827.2,827.2,960.01,783.0,664.9,985.26,954.16
2001,758.51,843.66,2287.34,2287.34,914.38,1027.7,2691.31,803.59,596.53,973.63,514.99,593.56,1007.39,319.50998,319.50998,319.50998,319.50998,543.20996,543.20996,544.04,544.04,872.48,872.48,872.48,872.48,892.97003,593.56,540.75,572.32,611.58,804.32,1064.64,1064.64,1064.64,231.93001,231.93001,770.85,874.45996,448.06,448.06,448.06,256.84,256.84,1233.7001,878.31,1113.29,1130.34,649.16003,1073.63,1007.39,1024.5599,996.62,1024.5599,987.18,434.9,544.93,859.06,862.18,923.58,240.23,438.56,1119.73,953.34,1297.93,894.88,717.39,304.61,365.59,830.52,830.52,830.52,448.75,304.61,304.61,203.15,203.15,544.93,544.93,378.12,378.12,878.96,781.57,622.51,622.51,622.51,622.51,1036.34,928.75,781.57,681.69,681.69,229.81,908.52,331.99,229.81,2149.74,594.48,240.23,779.5,442.22,973.63,932.75,447.53,539.93,561.63,1193.91,1085.45,1147.9,804.32,572.32,887.62,162.2,1031.72,1113.29,339.01,894.45,527.5,336.88,866.43,991.85,797.7,981.71,640.83,517.08,306.73,772.16,1286.82,772.16,1233.7001,901.89,539.93,566.71,1571.16,493.72998,317.68,232.76,761.56,1315.84,1192.11,405.1,1665.26,1665.26,324.21,832.04,1277.04,502.26,578.75,986.13,1062.0701,1331.17,1610.84,1717.37,1947.46,1717.37,1401.22,1628.14,1244.6,704.1,864.67,1010.4,827.35,721.83997,733.17,1066.53,811.25,779.7,901.98,1066.53,1066.53,1031.21,1204.42,927.2,1204.42,1066.53,720.64,567.38,1057.26,1057.26,735.22003,684.69,735.22003,543.97003,845.95,1035.33,1308.3201,942.17,611.84,1109.46,1429.62,1312.36,1023.49,782.19,782.19,771.33997,786.82,799.48,596.95,801.88,764.92,986.13,1085.71,1012.58,1062.0701,1025.41,1331.17,1610.84,1717.37,1947.46,1717.37,1401.22,1628.14,1244.6,937.47,704.1,864.67,1010.4,827.35,721.83997,733.17,1066.53,811.25,779.7,1066.53,1066.53,1031.21,1204.42,927.2,1204.42,1066.53,885.84,720.64,567.38,288.00998,582.11,446.02,1057.26,1057.26,735.22003,660.82,684.69,786.33,735.22003,543.97003,733.63,845.95,550.83,948.45,928.12,1308.3201,1059.05,733.63,735.77,1948.79,484.75,765.47003,115.93,942.17,853.33997,611.84,964.93,1109.46,1429.26,1000.89996,1429.62,1312.36,782.19,782.19,771.33997,786.82,596.95,801.88,764.92
2002,857.72,770.32,2027.75,2027.75,876.86,870.42,2539.5,983.85,713.82,1282.58,349.29,440.09,1046.8099,455.58002,455.58002,455.58002,455.58002,547.37,547.37,530.17,530.17,749.0,749.0,749.0,749.0,772.8,440.09,408.89,718.41,537.1,1081.12,1377.64,1377.64,1377.64,201.52,201.52,1083.14,1088.69,546.54,546.54,546.54,340.38,340.38,879.07996,684.54,711.68,1173.08,545.19,964.17,1046.8099,933.62,932.17,933.62,907.43,399.19,366.43,1274.68,1332.95,637.46,265.58,591.6,1325.9,798.02,1281.51,797.58997,556.99,237.85,299.49,891.1,891.1,891.1,574.22,237.85,237.85,206.44,206.44,366.43,366.43,213.04,213.04,1038.57,720.87,429.58002,429.58002,429.58002,429.58002,929.27,846.81,720.87,518.52,518.52,152.57,1008.51,309.26,152.57,2127.36,660.65,265.58,940.6,559.51,1282.58,1081.88,298.88,607.75,726.76,1212.35,1393.8,1354.75,1081.12,718.41,1122.99,218.59,672.68,711.68,220.58,1019.16,397.98,281.07,625.75,1122.36,921.49,1087.8201,458.18002,289.79,156.81,942.12,1277.83,942.12,879.07996,1053.9,607.75,624.93,1042.23,179.06,284.32,131.75,624.89996,776.29,652.55,150.76,1184.8099,1184.8099,314.38,321.19998,1533.6,314.79,458.62,977.74,1036.99,1294.23,1654.56,1694.89,1879.86,1694.89,1368.14,1646.55,1059.07,748.78,770.1,931.02,992.52,730.46,894.49,1194.33,987.71,797.94,903.44,1194.33,1194.33,1145.88,1168.63,912.07,1168.63,1194.33,816.74,500.48,1036.87,1036.87,590.81,564.09,590.81,601.38,809.6,898.64,1259.87,1095.02,941.75,1661.6699,1467.5,1755.21,1007.41,659.61,659.61,531.27,880.42,830.44,607.49,567.92,524.99,977.74,1041.25,897.5,1036.99,1013.33,1294.23,1654.56,1694.89,1879.86,1694.89,1368.14,1646.55,1059.07,1032.4,748.78,770.1,931.02,992.52,730.46,894.49,1194.33,987.71,797.94,1194.33,1194.33,1145.88,1168.63,912.07,1168.63,1194.33,896.72003,816.74,500.48,268.66998,512.5,430.79,1036.87,1036.87,590.81,509.95,564.09,550.98,590.81,601.38,915.66,809.6,845.7,799.07,851.51,1259.87,870.2,915.66,919.43,2752.79,327.08,1217.08,239.42,1095.02,1354.37,941.75,1464.01,1661.6699,1766.72,1153.02,1467.5,1755.21,659.61,659.61,531.27,880.42,607.49,567.92,524.99
2003,924.12,854.62,2321.51,2321.51,954.94,922.05,2583.09,833.42,723.88,1380.42,426.78,506.78,1267.55,438.04,438.04,438.04,438.04,664.6,664.6,647.62,647.62,645.25,645.25,645.25,645.25,694.41,506.78,453.47998,622.33,706.01,1263.35,1515.26,1515.26,1515.26,225.74,225.74,1225.89,1325.89,640.69,640.69,640.69,162.65,162.65,932.72,685.98,827.55,963.96,704.77,1224.81,1267.55,978.87,1050.0,978.87,1126.75,300.1,449.48,1673.68,1687.75,708.23,289.69,631.86,1063.95,685.66,1202.87,857.72,683.58,340.41,393.41,702.62,702.62,702.62,562.5,340.41,340.41,117.74,117.74,449.48,449.48,294.79,294.79,888.04004,715.14996,511.13,511.13,511.13,511.13,861.92,788.06,715.14996,542.25,542.25,186.07,743.88,223.24,186.07,2388.77,568.6,289.69,1353.42,558.48,1380.42,685.54,469.09,568.25,536.04,1329.56,1074.6,1441.7,1263.35,622.33,1165.68,108.26,786.32,827.55,284.72,1186.56,495.61002,379.47,924.17,1056.03,1403.65,1518.15,462.65,358.06,240.73,743.74,1455.08,743.74,932.72,895.83,568.25,651.19,1603.06,277.63,391.88,224.45999,808.45,1106.41,1190.44,299.76,1650.44,1650.44,428.86002,865.44995,1328.04,581.87,625.67,662.92,701.7,922.29,1078.6,957.89,1289.59,957.89,758.87,1036.03,862.16,481.86,597.71,665.23,520.7,546.29004,473.74,647.42,522.13,492.59,646.19,647.42,647.42,590.21,858.77,650.33,858.77,647.42,566.93,506.86,1115.89,1115.89,605.27,586.65,605.27,547.93,821.86,592.18,833.27,1165.66,762.39996,868.36,1029.65,1103.65,673.12,929.3,929.3,601.32,639.15,802.82,658.14,619.48,585.97003,662.92,731.82,642.0,701.7,698.92,922.29,1078.6,957.89,1289.59,957.89,758.87,1036.03,862.16,626.76,481.86,597.71,665.23,520.7,546.29004,473.74,647.42,522.13,492.59,647.42,647.42,590.21,858.77,650.33,858.77,647.42,694.02,566.93,506.86,371.38,621.02997,578.87,1115.89,1115.89,605.27,549.3,586.65,523.19,605.27,547.93,735.27,821.86,687.58997,585.54,568.67,833.27,752.81,735.27,753.79,1874.67,691.99,822.69,167.84,1165.66,672.85,762.39996,814.47003,868.36,1242.24,712.97003,1029.65,1103.65,929.3,929.3,601.32,639.15,658.14,619.48,585.97003
2004,747.41003,899.6,2046.38,2046.38,1065.25,1047.85,2361.1,904.45,944.52997,1142.5,491.57,573.73,989.97,352.31,352.31,352.31,352.31,597.86,597.86,572.31,572.31,935.81,935.81,935.81,935.81,945.7,573.73,505.46,569.05,792.52997,1001.52,1380.51,1380.51,1380.51,251.16,251.16,997.28,1236.66,488.82,488.82,488.82,465.56,465.56,1019.95,694.29,844.69,1050.94,645.76,1097.49,989.97,1096.46,1135.45,1096.46,1224.53,508.71,502.97,1245.47,1102.29,752.8,267.16,634.93,1107.11,965.57,1345.11,787.95,614.8,362.3,422.25,750.35,750.35,750.35,359.98,362.3,362.3,271.25,271.25,502.97,502.97,251.56,251.56,964.39,780.77997,568.96,568.96,568.96,568.96,1030.17,929.35,780.77997,681.57,681.57,239.8,871.55,461.87,239.8,2270.57,840.11,267.16,1058.86,367.71,1142.5,1092.76,548.33997,679.29,534.68,1299.77,1148.28,1522.26,1001.52,569.05,1155.38,345.58002,772.25,844.69,384.66,1062.37,505.94,432.66998,1087.79,1209.3,1047.31,1194.87,563.84,406.33,223.45999,852.87,1358.94,852.87,1019.95,977.73,679.29,716.2,1609.76,215.89,315.47998,229.69,821.69,1135.8,1115.32,257.24,1799.4401,1799.4401,329.44998,673.67,1506.0,460.25,598.06,803.59,826.92,1113.18,1224.53,1316.23,1524.79,1316.23,1051.98,1407.14,1024.47,610.49,717.63,875.11,738.1,685.67,656.69,961.58,739.76,615.76,813.68,961.58,961.58,879.55,1001.83,797.78,1001.83,961.58,764.24,376.15,621.34,621.34,752.76,797.96,752.76,677.86,720.03,672.0,1003.77997,1395.65,1083.11,1462.04,1213.16,1328.62,902.58,844.67004,844.67004,685.99,874.27,856.04,582.11,710.51,681.95,803.59,825.68,764.49,826.92,893.45,1113.18,1224.53,1316.23,1524.79,1316.23,1051.98,1407.14,1024.47,804.16003,610.49,717.63,875.11,738.1,685.67,656.69,961.58,739.76,615.76,961.58,961.58,879.55,1001.83,797.78,1001.83,961.58,893.99,764.24,376.15,306.62,469.53,517.13,621.34,621.34,752.76,780.63,797.96,663.43,752.76,677.86,817.58,720.03,545.98,668.67,650.55,1003.77997,762.56,817.58,803.99,2314.19,681.74,915.07,146.38,1395.65,957.04004,1083.11,1033.15,1462.04,1428.7,871.37,1213.16,1328.62,844.67004,844.67004,685.99,874.27,582.11,710.51,681.95
2005,810.63,783.54,2265.97,2265.97,885.2,1024.66,2462.59,844.31,735.29,1666.58,577.43,690.0,1094.8,372.13,372.13,372.13,372.13,561.25,561.25,549.98,549.98,681.71,681.71,681.71,681.71,706.21,690.0,574.67,645.69,742.29,1299.06,1450.8,1450.8,1450.8,242.06,242.06,1661.13,1018.72,386.27,386.27,386.27,331.78,331.78,859.36,862.63,927.81,1128.49,750.26,1180.87,1094.8,820.03,883.87,820.03,941.89,510.87,587.52997,1368.93,1492.68,732.85004,244.79001,695.21,1093.0701,739.46,791.82,1134.25,764.77,452.15,549.91,777.1,777.1,777.1,542.76,452.15,452.15,232.96,232.96,587.52997,587.52997,291.67,291.67,906.31,1134.62,681.65,681.65,681.65,681.65,725.58997,688.77,1134.62,749.17,749.17,194.62,894.29,394.21,194.62,2109.45,539.19,244.79001,971.37,533.72,1666.58,646.47003,487.2,662.25,575.36,1342.8,1095.72,1129.52,1299.06,645.69,1373.34,231.6,904.77,927.81,370.24,890.6,506.27,483.26,803.93,1166.31,1002.79,1122.71,769.25,475.02,239.5,761.11,1397.95,761.11,859.36,956.92,662.25,740.78,1163.14,234.69,336.28,305.55,882.57,871.4,680.66,201.71,1384.11,1384.11,376.3,330.45,1524.12,563.81,658.49,744.19,752.79,1023.18,1175.02,1334.03,1606.36,1334.03,999.36,1284.86,1259.12,843.61,856.45,1067.7,800.37,660.38,578.23,970.8,681.52997,573.52,731.91003,970.8,970.8,865.75,1017.0,794.35004,1017.0,970.8,614.0,253.95,478.49,478.49,728.17,722.45,728.17,664.37,617.41,638.96,983.05,1336.23,1065.46,1031.35,1099.67,1084.56,830.12,835.05,835.05,723.19,667.03,732.81,636.87,753.27997,721.42,744.19,740.85,732.75,752.79,808.41,1023.18,1175.02,1334.03,1606.36,1334.03,999.36,1284.86,1259.12,910.97003,843.61,856.45,1067.7,800.37,660.38,578.23,970.8,681.52997,573.52,970.8,970.8,865.75,1017.0,794.35004,1017.0,970.8,748.61,614.0,253.95,242.83,301.56,304.07,478.49,478.49,728.17,741.47003,722.45,608.32,728.17,664.37,685.26,617.41,456.69,586.63,600.3,983.05,652.53,685.26,704.26,2270.34,645.17,922.87,132.43001,1336.23,1033.77,1065.46,868.31,1031.35,1275.87,800.24,1099.67,1084.56,835.05,835.05,723.19,667.03,636.87,753.27997,721.42
2006,977.76,930.96,2352.31,2352.31,1001.27997,757.9,2453.5,782.23,561.79,1439.26,484.79,562.33,1456.13,349.31,349.31,349.31,349.31,713.16,713.16,709.02997,709.02997,745.39,745.39,745.39,745.39,885.07,562.33,538.12,602.22003,646.87,1123.27,1131.62,1131.62,1131.62,284.61,284.61,1290.99,1112.6,513.18,513.18,513.18,418.88,418.88,730.87,695.19,811.03,582.56,873.76996,1509.98,1456.13,841.53,949.17,841.53,982.94,621.47003,488.52,1356.09,1309.8,645.91,299.95,582.63,829.66,941.77997,1160.23,983.8,684.62,360.98,408.55,707.93,707.93,707.93,505.54,360.98,360.98,273.18,273.18,488.52,488.52,362.69,362.69,796.18,1052.45,561.73,561.73,561.73,561.73,916.17,858.22,1052.45,825.32,825.32,263.85,667.53,442.31,263.85,2819.26,517.67,299.95,934.24,494.19,1439.26,718.8,386.63,488.04,649.27,1077.09,737.36,1336.39,1123.27,602.22003,792.62,276.82,779.82,811.03,348.43,989.45,437.88,460.57,839.89,603.37,954.85,1203.49,711.64,325.36,247.8,766.98,1051.95,766.98,730.87,833.60004,488.04,669.8,1613.08,333.73,376.85,162.81,584.96,1188.92,944.4,376.52,1809.82,1809.82,345.34,944.37,1243.8201,240.08,357.91,815.87,849.29,1143.87,1197.81,1393.48,1509.5599,1393.48,1189.26,1519.95,1018.01,730.53,755.26,933.65,696.06,606.98,559.95,872.81,656.98,551.33,704.69,872.81,872.81,789.82,1006.24,730.63,1006.24,872.81,749.52,482.97,983.44,983.44,631.5,676.65,631.5,565.27997,836.36,824.16,1166.79,1017.38,616.99,924.73,1149.85,1300.19,829.43,757.46,757.46,735.5,820.15,970.13,655.81,761.12,680.25,815.87,885.07,817.04,849.29,869.03,1143.87,1197.81,1393.48,1509.5599,1393.48,1189.26,1519.95,1018.01,800.55,730.53,755.26,933.65,696.06,606.98,559.95,872.81,656.98,551.33,872.81,872.81,789.82,1006.24,730.63,1006.24,872.81,904.86,749.52,482.97,371.66,465.83002,613.54,983.44,983.44,631.5,611.19,676.65,633.41,631.5,565.27997,689.89,836.36,519.45,711.11,698.37,1166.79,776.24,689.89,701.76,2868.8599,538.37,1026.3099,125.51,1017.38,707.67,616.99,724.38,924.73,1110.62,748.43,1149.85,1300.19,757.46,757.46,735.5,820.15,655.81,761.12,680.25
2007,949.52997,722.4,2532.07,2532.07,752.5,1149.2,2476.7,694.49,1033.9,1417.6,272.86002,315.37,908.13,336.8,336.8,336.8,336.8,486.88,486.88,468.63,468.63,892.52,892.52,892.52,892.52,958.33,315.37,262.12,509.67,693.22,1055.43,1066.5,1066.5,1066.5,182.08,182.08,1235.03,992.55,291.08,291.08,291.08,323.19,323.19,1045.79,908.56,896.68,935.74,678.77,1173.4,908.13,871.72,864.65,871.72,880.23,423.88,268.96,896.8,902.67,885.41,201.57,602.47003,867.27,979.17,1049.0701,539.84,344.77,301.68,341.06,924.69,924.69,924.69,402.6,301.68,301.68,197.68001,197.68001,268.96,268.96,372.71,372.71,710.77,592.36,288.05,288.05,288.05,288.05,819.2,744.3,592.36,807.06,807.06,301.25,777.46,298.38,301.25,2385.46,901.77997,201.57,807.54,402.5,1417.6,1269.05,468.09,729.3,563.29,740.21,834.98,900.96,1055.43,509.67,718.76,259.98,869.11,896.68,356.44,826.7,636.41003,354.7,893.11,849.95,766.38,924.51,341.55,451.87,272.82,686.38,748.21,686.38,1045.79,747.47003,729.3,658.6,1828.51,285.62,292.2,322.67,1172.15,1199.18,760.16003,165.58,2032.0,2032.0,316.41998,582.18,1352.61,453.82,645.20996,901.94,947.78,1334.88,1405.96,1463.83,1799.8,1463.83,1216.54,1493.59,1120.38,711.51,771.88,952.82,751.63,810.47,858.28,1051.96,962.38,919.41,966.75,1051.96,1051.96,919.85,1212.21,932.3,1212.21,1051.96,860.91,411.53,670.96,670.96,700.84,745.53,700.84,702.11,758.57,778.04,1207.0599,1030.64,688.77997,1106.91,1052.9,1309.42,1008.33,814.16,814.16,609.29,958.97,1059.25,608.39,630.34,599.08,901.94,981.85,872.11,947.78,988.75,1334.88,1405.96,1463.83,1799.8,1463.83,1216.54,1493.59,1120.38,868.67,711.51,771.88,952.82,751.63,810.47,858.28,1051.96,962.38,919.41,1051.96,1051.96,919.85,1212.21,932.3,1212.21,1051.96,942.04,860.91,411.53,472.91,429.04,491.3,670.96,670.96,700.84,676.77,745.53,724.32,700.84,702.11,802.68,758.57,425.98,752.07,784.95996,1207.0599,878.13,802.68,794.33,2875.35,567.20996,979.32,138.43,1030.64,795.44,688.77997,906.64,1106.91,1277.61,886.61,1052.9,1309.42,814.16,814.16,609.29,958.97,608.39,630.34,599.08
2008,800.41,1116.88,1855.81,1855.81,1251.29,909.34,2664.94,756.53,1030.86,1540.7001,347.81,412.38,1282.41,409.65,409.65,409.65,409.65,579.81,579.81,568.24,568.24,816.32,816.32,816.32,816.32,931.56,412.38,387.52,587.85,666.51,1419.41,1431.87,1431.87,1431.87,192.23,192.23,1362.77,1132.26,515.16,515.16,515.16,347.98,347.98,1194.53,885.41,1046.84,891.26,644.10004,1240.69,1282.41,1254.1799,1283.53,1254.1799,1265.0499,505.27,370.66,1084.01,1084.27,800.09,252.37,497.02,946.34,987.96,1392.58,633.62,459.24,281.79,325.38998,878.05,878.05,878.05,498.63998,281.79,281.79,187.08,187.08,370.66,370.66,375.42,375.42,775.42,605.17,413.62,413.62,413.62,413.62,1043.31,951.66,605.17,748.91,748.91,248.62,739.05,414.19,248.62,2482.97,648.93,252.37,1007.32996,495.19,1540.7001,703.85,426.33,696.36,652.8,1310.4401,949.08,978.10004,1419.41,587.85,1065.2,243.18,988.53,1046.84,320.73,780.96,645.15,338.61,747.1,944.81,1012.31,1124.08,501.31,428.94,314.15,732.16,1319.32,732.16,1194.53,784.99,696.36,779.89,1610.77,198.26001,332.62,222.57,893.52,1409.29,1070.07,299.63,1717.75,1717.75,382.01,508.31998,1267.58,421.44,505.62,790.0,894.66003,1233.09,1614.59,1469.37,1753.87,1469.37,1140.44,1313.52,1025.97,644.02,736.54,880.53,697.81,661.44,618.93,954.87,704.03,649.04004,738.84,954.87,954.87,899.19,1092.54,811.65,1092.54,954.87,649.82,426.68,700.93,700.93,894.62,884.9,894.62,703.94,957.08997,842.77,1084.27,1263.23,1120.47,1643.91,1644.53,1628.8,904.9,870.73,870.73,740.56,798.05,1013.04,755.39,764.65,726.12,790.0,951.87,815.15,894.66003,909.88,1233.09,1614.59,1469.37,1753.87,1469.37,1140.44,1313.52,1025.97,772.75,644.02,736.54,880.53,697.81,661.44,618.93,954.87,704.03,649.04004,954.87,954.87,899.19,1092.54,811.65,1092.54,954.87,861.26,649.82,426.68,427.31,570.4,601.43,700.93,700.93,894.62,643.3,884.9,841.71,894.62,703.94,869.62,957.08997,871.92,754.78,696.72,1084.27,865.94,869.62,885.23,2403.7,593.93,1078.23,123.51,1263.23,1093.78,1120.47,1359.14,1643.91,1795.33,1119.93,1644.53,1628.8,870.73,870.73,740.56,798.05,755.39,764.65,726.12
2009,946.33,881.58,2057.1,2057.1,987.81,815.55,2834.12,730.58,881.61,1399.08,413.21,462.6,1116.1799,283.47,283.47,283.47,283.47,621.19,621.19,605.19,605.19,815.44,815.44,815.44,815.44,1017.32,462.6,461.56,496.38,848.22003,1204.62,1284.63,1284.63,1284.63,214.09,214.09,1254.12,1094.63,504.50998,504.50998,504.50998,260.18,260.18,1065.58,905.08,977.73,929.67,613.35,1131.5,1116.1799,1139.94,1193.65,1139.94,1170.64,365.15,426.37,1470.84,1358.81,948.07,280.85,686.33,941.75,1134.43,1873.34,668.1,456.97,368.21,445.57,751.92,751.92,751.92,400.57,368.21,368.21,184.45,184.45,426.37,426.37,181.25,181.25,791.98,757.41,458.26,458.26,458.26,458.26,979.89,881.27,757.41,623.17,623.17,149.94,724.62,272.62,149.94,2270.72,644.11,280.85,1055.74,392.61,1399.08,1078.36,511.57,729.31,554.24,1770.51,937.07996,1465.95,1204.62,496.38,1239.87,167.61,942.24,977.73,272.41,1177.09,683.93,419.68,1069.54,1105.27,1056.03,1460.59,503.86002,618.98,146.31999,723.52,1848.65,723.52,1065.58,796.04,729.31,743.27,1475.66,108.2,307.16998,215.02,789.66,937.97,878.84,238.25,1578.08,1578.08,330.6,548.23,1530.37,382.35,554.01,770.17,858.74,1171.04,1407.57,1351.73,1679.09,1351.73,1118.31,1325.1799,1072.67,711.86,824.97,914.08,814.73,712.47,753.89,1045.58,810.98,711.17,720.22,1045.58,1045.58,975.22,1066.23,836.58,1066.23,1045.58,642.39,417.63998,797.44,797.44,536.39,559.72003,536.39,594.9,875.41,730.71,1052.87,1413.29,954.35,1374.89,1485.62,1413.26,814.63,928.99,928.99,754.86,674.16003,868.86,715.89,777.09,754.55,770.17,888.0,720.84,858.74,849.75,1171.04,1407.57,1351.73,1679.09,1351.73,1118.31,1325.1799,1072.67,892.33997,711.86,824.97,914.08,814.73,712.47,753.89,1045.58,810.98,711.17,1045.58,1045.58,975.22,1066.23,836.58,1066.23,1045.58,804.6,642.39,417.63998,340.01,721.4,580.66,797.44,797.44,536.39,543.01,559.72003,592.69,536.39,594.9,733.89,875.41,818.35,693.38,687.62,1052.87,791.15,733.89,759.59,2112.04,354.64,1205.84,115.229996,1413.29,960.87,954.35,1107.92,1374.89,1513.42,933.08997,1485.62,1413.26,928.99,928.99,754.86,674.16003,715.89,777.09,754.55
2010,813.32,895.26,2368.2,2368.2,868.76,665.32,2459.64,886.32,772.94,1474.45,655.14,762.28,865.18,309.81,309.81,309.81,309.81,651.67,651.67,644.68,644.68,908.38,908.38,908.38,908.38,977.08997,762.28,698.84,501.13,768.07,1174.7,1063.24,1063.24,1063.24,271.74,271.74,1385.04,1031.05,507.72,507.72,507.72,377.97,377.97,1019.13,759.87,837.49,729.77997,807.34,1379.46,865.18,1120.03,1043.43,1120.03,1081.0,465.31,663.13,1107.31,1182.89,909.31,271.33,497.8,868.68,992.27,905.89,1125.72,822.68,428.26,474.72,1031.85,1031.85,1031.85,402.79,428.26,428.26,237.64,237.64,663.13,663.13,411.66998,411.66998,939.49,1226.74,726.39,726.39,726.39,726.39,909.21,817.93,1226.74,685.01,685.01,295.19998,961.52,358.32,295.19998,2698.25,634.97003,271.33,968.51,399.73,1474.45,872.73,448.55,842.53,608.24,1101.66,919.95,1216.6799,1174.7,501.13,952.71,253.54,819.28,837.49,365.34,906.93,744.58,536.81,763.72,907.7,987.29,1084.91,891.77997,496.88998,359.07,899.56,1191.11,899.56,1019.13,961.38,842.53,739.89996,1647.27,544.33997,195.44,430.2,1075.23,1252.4401,1000.93005,167.22,1848.2,1848.2,209.15,543.37,1315.2999,917.77997,884.33,825.06,911.56,1108.6,1541.02,1477.03,1769.6,1477.03,1188.75,1451.6901,1295.47,888.89,973.0,1143.39,830.32,859.35,808.52997,1161.83,817.33,837.6,948.86,1161.83,1161.83,1136.39,1060.67,879.76,1060.67,1161.83,768.77,712.72,1228.3201,1228.3201,717.08997,664.7,717.08997,609.42,785.79,759.74,1240.79,1937.6,1258.97,1851.01,1983.5801,1468.43,833.39,849.53,849.53,667.86,772.4,980.67004,675.92,677.31,651.86,825.06,912.12,842.13,911.56,906.15,1108.6,1541.02,1477.03,1769.6,1477.03,1188.75,1451.6901,1295.47,965.4,888.89,973.0,1143.39,830.32,859.35,808.52997,1161.83,817.33,837.6,1161.83,1161.83,1136.39,1060.67,879.76,1060.67,1161.83,789.81,768.77,712.72,355.21,871.67,646.01,1228.3201,1228.3201,717.08997,581.3,664.7,614.0,717.08997,609.42,773.93,785.79,810.51,741.08,657.73,1240.79,800.68,773.93,754.64,2516.55,619.31,885.51,146.0,1937.6,1381.4299,1258.97,1405.73,1851.01,1816.64,1175.64,1983.5801,1468.43,849.53,849.53,667.86,772.4,675.92,677.31,651.86
2011,698.31,921.1,2257.57,2257.57,1080.24,1187.83,2740.27,713.19,564.46,1503.77,428.54,492.13,1603.54,305.67,305.67,305.67,305.67,629.25,629.25,598.08,598.08,788.0,788.0,788.0,788.0,880.95,492.13,482.41998,484.78,765.96,1383.36,932.86,932.86,932.86,173.19,173.19,1173.37,1479.28,423.91998,423.91998,423.91998,172.0,172.0,916.76,701.27,773.66,931.79,650.77,1150.37,1603.54,1139.49,1150.9401,1139.49,1113.89,289.99,445.99,1181.86,1246.91,807.89,257.11,688.88,930.67,904.71,1162.88,664.48,467.93,370.98,442.16998,712.94,712.94,712.94,490.87,370.98,370.98,167.79,167.79,445.99,445.99,217.29,217.29,797.2,816.08997,484.77,484.77,484.77,484.77,947.83,872.71,816.08997,606.26,606.26,157.40001,851.62,233.47,157.40001,2577.26,481.48,257.11,1230.29,477.01,1503.77,742.75,523.29004,696.28,571.67,1144.42,1019.89,1294.39,1383.36,484.78,803.7,130.14,721.02997,773.66,279.69,1022.03,737.12,465.25,784.67,877.04,1198.25,1336.32,582.72,457.29,170.36,749.6,1207.04,749.6,916.76,808.03,696.28,775.02,2297.95,488.01,434.87,459.33,944.37,1537.74,1127.03,377.12,2293.21,2293.21,482.04,984.81,1505.69,696.8,795.43,799.91,777.0,1032.39,1302.38,1270.55,1532.62,1270.55,927.67,1181.16,991.48,570.06,669.02997,783.55,603.26,756.03,520.64,881.66,566.37,564.03,984.02,881.66,881.66,813.55,909.13,692.47,909.13,881.66,768.77,404.99,820.21,820.21,743.83,715.91003,743.83,702.82,593.1,651.16,931.06,845.45,722.05,1039.46,934.04,1337.48,814.57,835.63,835.63,683.06,773.64,983.8,672.14,702.54,683.46,799.91,800.38,731.57,777.0,761.01,1032.39,1302.38,1270.55,1532.62,1270.55,927.67,1181.16,991.48,688.66,570.06,669.02997,783.55,603.26,756.03,520.64,881.66,566.37,564.03,881.66,881.66,813.55,909.13,692.47,909.13,881.66,815.89,768.77,404.99,230.52,503.15,467.37,820.21,820.21,743.83,779.17,715.91003,703.16,743.83,702.82,616.77,593.1,703.86,595.86,630.14,931.06,704.59,616.77,604.52,2322.41,564.06,999.7,136.72,845.45,832.81,722.05,973.29004,1039.46,1366.98,866.38,934.04,1337.48,835.63,835.63,683.06,773.64,672.14,702.54,683.46
2012,828.26996,885.79,2503.65,2503.65,838.48,968.62,2821.78,725.75,620.85,1234.44,519.94,616.47003,856.41,351.11,351.11,351.11,351.11,758.25,758.25,748.6,748.6,660.06,660.06,660.06,660.06,645.93,616.47003,505.41998,532.65,552.1,921.7,1311.52,1311.52,1311.52,309.94,309.94,1259.65,1047.08,563.9,563.9,563.9,167.75,167.75,781.44,526.06,605.87,895.8,1009.62,1672.21,856.41,772.15,767.21,772.15,781.56,252.25,513.16003,1327.35,1406.85,670.84,246.88,541.44,917.54004,688.89996,884.55,1050.37,719.65,280.62,329.81,639.97,639.97,639.97,451.75,280.62,280.62,117.54,117.54,513.16003,513.16003,325.69,325.69,813.87,981.82,603.99,603.99,603.99,603.99,864.6,801.97,981.82,540.62,540.62,156.82,785.33997,196.26,156.82,3124.69,600.85,246.88,841.7,445.53,1234.44,810.29004,279.22,527.63,570.42,1219.39,890.52997,1199.9299,921.7,532.65,1054.64,94.53,563.16,605.87,225.7,794.81,491.88,290.18,688.52997,1108.3,857.96,993.79,651.34,256.43,241.56,644.36,1320.87,644.36,781.44,831.6,527.63,655.22,1394.5,231.91,336.15,195.96,882.83,1136.73,779.98,250.97,1754.43,1754.43,362.06,528.26,1407.88,430.82,611.32,953.89,951.35,1225.83,1639.45,1577.2,1868.56,1577.2,1260.17,1604.13,1015.14996,580.73,757.95,831.68,735.46,701.14,672.6,1001.97,765.15,681.34,754.46,1001.97,1001.97,936.42,1092.23,843.11,1092.23,1001.97,673.3,371.84,692.99,692.99,901.45,868.69,901.45,723.52,780.14,822.16003,1173.51,1393.36,1047.3099,1307.0,1268.07,1406.19,1010.87,998.38995,998.38995,912.31,792.38,1070.69,893.38,956.81,917.22003,953.89,970.83,917.83,951.35,924.25,1225.83,1639.45,1577.2,1868.56,1577.2,1260.17,1604.13,1015.14996,857.23,580.73,757.95,831.68,735.46,701.14,672.6,1001.97,765.15,681.34,1001.97,1001.97,936.42,1092.23,843.11,1092.23,1001.97,951.75,673.3,371.84,244.98,563.01,411.81,692.99,692.99,901.45,744.51,868.69,786.86,901.45,723.52,657.05,780.14,645.15,803.28,722.9,1173.51,877.39,657.05,668.99,2577.19,612.63,1054.78,165.7,1393.36,869.5,1047.3099,1134.68,1307.0,1626.46,1087.99,1268.07,1406.19,998.38995,998.38995,912.31,792.38,893.38,956.81,917.22003
2013,787.45996,1084.42,1920.1901,1920.1901,1111.62,968.15,2721.27,955.36,879.55,1226.77,139.09999,160.85,1126.48,349.55,349.55,349.55,349.55,524.71,524.71,501.95,501.95,964.21,964.21,964.21,964.21,927.47,160.85,135.26,582.49,686.59,1014.35,1390.05,1390.05,1390.05,160.85,160.85,1224.73,901.52,599.98,599.98,599.98,325.27,325.27,912.57,875.82,948.65,940.19,468.84,882.72,1126.48,1007.22,1066.21,1007.22,1120.53,453.98,136.63,1330.3201,1344.44,776.89,339.13,723.68,1086.05,963.79,1291.12,216.24,140.42,228.34,277.23,903.54,903.54,903.54,448.27,228.34,228.34,245.89,245.89,136.63,136.63,297.28,297.28,1068.22,233.11,138.94,138.94,138.94,138.94,1023.64996,923.87,233.11,654.33997,654.33997,170.54,930.83,326.68,170.54,2116.46,652.33,339.13,1050.09,445.81,1226.77,854.77,544.35,740.63,659.99,1381.25,956.38,1487.85,1014.35,582.49,1348.53,253.77,960.84,948.65,387.41,1168.89,723.96,351.12,868.19,1073.09,1125.52,1281.47,121.99,410.05,237.88,891.17004,1508.2999,891.17004,912.57,1072.83,740.63,624.86,1197.74,154.02,378.66,224.58,967.74,963.92,824.11,284.93,1354.5,1354.5,391.9,403.84,1526.92,492.26,605.01,814.68,804.93,1087.63,1521.84,1483.66,1697.45,1483.66,1219.33,1498.74,983.01,749.01,788.12,849.18,778.03,649.42,757.69,1086.74,795.17,747.83,739.29,1086.74,1086.74,996.76,958.85,792.19,958.85,1086.74,650.82,458.73,933.29004,933.29004,691.47,689.24,691.47,573.31,1041.0701,780.58,1182.71,1624.9299,1080.48,1503.99,1791.01,1547.89,801.65,746.20996,746.20996,584.54,658.67,717.08,538.67,608.5,614.43,814.68,840.15,770.65,804.93,833.16,1087.63,1521.84,1483.66,1697.45,1483.66,1219.33,1498.74,983.01,872.85004,749.01,788.12,849.18,778.03,649.42,757.69,1086.74,795.17,747.83,1086.74,1086.74,996.76,958.85,792.19,958.85,1086.74,763.35,650.82,458.73,215.53,659.21,480.68,933.29004,933.29004,691.47,612.56,689.24,594.49,691.47,573.31,975.55,1041.0701,756.69,782.27997,758.27,1182.71,939.68,975.55,985.29,2816.28,476.95,894.25,180.39,1624.9299,1312.15,1080.48,1387.24,1503.99,1759.01,1159.02,1791.01,1547.89,746.20996,746.20996,584.54,658.67,538.67,608.5,614.43
2014,956.0,903.47003,2419.87,2419.87,924.1,800.57,2784.78,1038.87,585.17,1388.39,438.16998,525.3,1104.7,446.48,446.48,446.48,446.48,658.25,658.25,621.4,621.4,961.24,961.24,961.24,961.24,959.07,525.3,456.59,668.0,820.61,1020.15,1485.75,1485.75,1485.75,221.03,221.03,1388.72,982.98,627.12,627.12,627.12,257.64,257.64,1003.9,743.55,777.58,1102.77,925.67,1566.37,1104.7,952.38,950.73,952.38,935.56,349.46,445.56,1327.92,1432.29,794.74,301.71,525.21,969.42,956.30005,1156.99,800.88,582.42,375.23,427.53,991.8,991.8,991.8,596.44,375.23,375.23,161.53,161.53,445.56,445.56,431.54,431.54,1020.38,851.58,515.34,515.34,515.34,515.34,1115.72,1011.16,851.58,585.07,585.07,263.69,994.32,240.26,263.69,2847.75,490.88,301.71,1028.65,597.0,1388.39,552.09,529.66,605.48,598.07,1197.3201,963.63,1150.81,1020.15,668.0,1109.9299,182.54001,721.93,777.58,265.95,870.07,652.11,341.72,1010.22,1197.99,1067.96,1140.91,409.9,496.61,362.13,1090.67,1218.56,1090.67,1003.9,1044.55,605.48,849.39,1618.4299,347.31,401.14,249.53,806.18,1121.4,870.07,400.61,1905.36,1905.36,417.97,968.8,1341.32,477.19,501.22,913.12,909.01,1111.46,1408.25,1506.02,1621.11,1506.02,1218.96,1471.23,1137.39,812.56,801.08997,971.95,727.11,752.91,663.31,882.25,740.55,690.19,800.37,882.25,882.25,828.58,1042.83,843.46,1042.83,882.25,690.39,478.97,1121.81,1121.81,674.02,665.09,674.02,645.39,941.71,814.51,1099.16,1273.99,1137.23,2076.88,1926.39,1506.44,893.61,606.57,606.57,652.46,877.11,964.81,622.72,703.85,637.38,913.12,910.81,905.56,909.01,885.81,1111.46,1408.25,1506.02,1621.11,1506.02,1218.96,1471.23,1137.39,794.83,812.56,801.08997,971.95,727.11,752.91,663.31,882.25,740.55,690.19,882.25,882.25,828.58,1042.83,843.46,1042.83,882.25,862.07,690.39,478.97,191.54,547.87,390.93,1121.81,1121.81,674.02,664.55,665.09,648.67,674.02,645.39,910.71,941.71,1082.05,798.18,889.35004,1099.16,875.4,910.71,925.24,2164.75,541.99,1033.71,149.42,1273.99,1380.44,1137.23,1475.75,2076.88,1839.84,1187.53,1926.39,1506.44,606.57,606.57,652.46,877.11,622.72,703.85,637.38
2015,749.04,739.39,2111.27,2111.27,847.48,959.55,2936.65,929.65,897.83997,1177.77,271.55,314.98,1222.88,421.4,421.4,421.4,421.4,559.45,559.45,532.19,532.19,931.39996,931.39996,931.39996,931.39996,971.99,314.98,268.29,708.13,710.26,939.27,1803.67,1803.67,1803.67,235.26,235.26,1158.97,951.98,492.38,492.38,492.38,404.72,404.72,1077.23,927.83,924.98,867.02997,615.98,1019.71,1222.88,1342.15,1405.01,1342.15,1429.01,489.77002,263.95,1596.74,1625.14,1094.22,285.4,630.57,934.49,1013.85004,1364.01,430.83002,280.58,330.77,413.81,1013.67004,1013.67004,1013.67004,533.46,330.77,330.77,275.21,275.21,263.95,263.95,361.56,361.56,968.17,576.95,293.0,293.0,293.0,293.0,952.94,866.54,576.95,914.16,914.16,278.98,859.89996,391.32,278.98,2449.78,890.01,285.4,1063.95,527.19,1177.77,1300.6901,541.98,560.84,599.48,1261.78,961.26,1442.56,939.27,708.13,1061.82,271.5,900.47,924.98,398.38,990.61,468.6,401.66,1008.33,1023.87,1094.24,1162.8,328.56,553.21,283.31,938.58,1393.42,938.58,1077.23,974.95,560.84,695.79,1623.34,312.45,307.09,205.38,1071.23,1522.8201,1246.65,193.37,1803.02,1803.02,306.47998,814.18,1299.41,390.68,442.27,797.61,807.66003,1031.61,1287.37,1314.19,1512.86,1314.19,1018.77,1174.75,875.18,551.66,637.86,794.11,609.65,693.07,577.62,823.26996,640.84,631.96,848.07,823.26996,823.26996,766.07,925.16003,747.83,925.16003,823.26996,846.58,332.7,571.43,571.43,755.75,720.46,755.75,745.38,749.29,673.65,828.44,1096.6901,833.47003,984.83997,1032.82,1205.55,887.01,665.13,665.13,749.49,785.56,999.86,655.99,784.98,742.74,797.61,823.72003,750.57996,807.66003,852.27,1031.61,1287.37,1314.19,1512.86,1314.19,1018.77,1174.75,875.18,699.32,551.66,637.86,794.11,609.65,693.07,577.62,823.26996,640.84,631.96,823.26996,823.26996,766.07,925.16003,747.83,925.16003,823.26996,1033.33,846.58,332.7,309.38,361.92,453.79,571.43,571.43,755.75,779.52997,720.46,686.43,755.75,745.38,671.59,749.29,554.92,617.91003,604.55,828.44,730.29,671.59,699.86,2634.31,509.41,1105.67,179.12,1096.6901,700.41,833.47003,838.16,984.83997,1280.67,786.0,1032.82,1205.55,665.13,665.13,749.49,785.56,655.99,784.98,742.74
2016,790.64,837.95,2614.15,2614.15,872.21,977.25,2880.3,1139.47,756.37,1152.37,600.86,685.45,1178.35,494.5,494.5,494.5,494.5,671.64,671.64,670.64,670.64,954.42,954.42,954.42,954.42,891.47003,685.45,554.52997,615.42,685.14,915.7,1416.29,1416.29,1416.29,287.69,287.69,1048.86,965.19,571.27,571.27,571.27,265.2,265.2,1048.52,933.55,941.95996,1233.64,693.34,1253.17,1178.35,940.43,914.86,940.43,910.73,323.81,578.82,1436.23,1515.2,1048.62,227.67,577.38,1481.63,920.13,1194.17,1112.64,730.27997,296.26,352.41998,1059.47,1059.47,1059.47,645.59,296.26,296.26,193.25,193.25,578.82,578.82,374.02,374.02,1118.75,1121.46,641.66,641.66,641.66,641.66,888.75,812.44,1121.46,625.92,625.92,250.84,1057.9,250.23,250.84,2646.36,646.02,227.67,988.23,640.81,1152.37,827.86,460.02,732.55,535.73,1064.5599,1383.86,996.64,915.7,615.42,929.05,160.28,905.68,941.95996,373.39,864.92,616.31,443.11,795.45,1010.05,958.57,1242.65,620.68,466.62,326.36,1132.85,1079.0,1132.85,1048.52,1171.17,732.55,704.31,1160.79,393.09,413.37,328.73,886.05,678.09,626.23,270.62,1358.6901,1358.6901,433.65,459.79,1772.85,742.14,858.47,818.97,907.66,1207.86,1532.6901,1491.6,1714.35,1491.6,1285.3,1571.27,1180.83,685.25,737.77,945.60004,710.83,566.22,617.01,970.64,678.9,580.39,670.81,970.64,970.64,928.25,1078.53,807.34,1078.53,970.64,615.85,465.18,1014.07,1014.07,700.72003,664.06,700.72003,786.94,872.57996,806.78,1158.22,1218.28,848.85,1367.74,1535.4,1450.39,815.77,885.76,885.76,636.46,665.61,763.81,585.38,661.74,647.77,818.97,923.02,796.08997,907.66,935.68,1207.86,1532.6901,1491.6,1714.35,1491.6,1285.3,1571.27,1180.83,767.44,685.25,737.77,945.60004,710.83,566.22,617.01,970.64,678.9,580.39,970.64,970.64,928.25,1078.53,807.34,1078.53,970.64,817.16,615.85,465.18,337.84,584.33,511.4,1014.07,1014.07,700.72003,916.29,664.06,547.82,700.72003,786.94,711.84,872.57996,604.28,829.21,759.64,1158.22,910.58,711.84,714.95,2674.6099,413.24,965.99,165.21,1218.28,988.15,848.85,1069.3201,1367.74,1539.63,1070.72,1535.4,1450.39,885.76,885.76,636.46,665.61,585.38,661.74,647.77
2017,900.94,1209.49,2502.75,2502.75,1127.02,951.42,2681.57,1169.25,993.89,1372.74,641.92,770.16,1108.8,425.96,425.96,425.96,425.96,808.99,808.99,774.6,774.6,1033.57,1033.57,1033.57,1033.57,963.07,770.16,667.74,577.71,774.55,1087.8,1306.38,1306.38,1306.38,323.19,323.19,1195.55,1127.92,642.98,642.98,642.98,339.13,339.13,1063.79,902.17,1042.08,1211.7999,769.91,1362.74,1108.8,1115.71,1140.73,1115.71,1161.98,382.79,657.85,1272.38,1319.04,771.59,347.01,689.94,1569.01,1062.6799,1450.36,1130.72,698.75,417.57,481.43,1013.07,1013.07,1013.07,544.14,417.57,417.57,228.06,228.06,657.85,657.85,294.78998,294.78998,1208.1901,1328.39,749.6,749.6,749.6,749.6,1179.67,1066.29,1328.39,781.34,781.34,251.04,1022.18,325.93,251.04,2958.3901,771.5,347.01,1081.8,546.24,1372.74,923.92,541.25,476.7,614.66,1119.65,1474.97,1241.29,1087.8,577.71,1039.59,269.06,983.87,1042.08,243.65001,958.29,347.22998,403.05,1074.72,1249.61,1092.96,1147.56,899.29004,428.88,221.5,1062.84,1349.24,1062.84,1063.79,1239.29,476.7,910.11,1420.6,295.37,465.76,231.55,853.97,1217.77,1044.72,249.64,1534.83,1534.83,492.41,589.46,1317.84,623.27997,646.88,825.92,840.83,1191.05,1449.07,1463.16,1796.87,1463.16,1157.17,1327.05,1203.0,566.2,727.13,960.86,750.39,844.91003,685.13,961.58,810.0,752.43,1020.67,961.58,961.58,896.36,1068.58,838.75,1068.58,961.58,902.65,287.97,520.2,520.2,781.96,813.43,781.96,668.09,892.24,671.43,1081.11,897.52,678.12,1271.19,1253.82,1188.29,916.41003,926.54,926.54,720.53,850.72,848.8,616.04,778.17,742.78,825.92,872.33997,753.39,840.83,905.35,1191.05,1449.07,1463.16,1796.87,1463.16,1157.17,1327.05,1203.0,877.25,566.2,727.13,960.86,750.39,844.91003,685.13,961.58,810.0,752.43,961.58,961.58,896.36,1068.58,838.75,1068.58,961.58,913.17,902.65,287.97,254.4,388.03,361.92,520.2,520.2,781.96,767.17,813.43,673.47,781.96,668.09,819.38,892.24,403.42,747.29,688.49,1081.11,751.51,819.38,810.35004,2828.19,605.06,981.26,81.99,897.52,854.38,678.12,1021.24,1271.19,1570.91,922.97,1253.82,1188.29,926.54,926.54,720.53,850.72,616.04,778.17,742.78
2018,751.38,993.49,2560.46,2560.46,1125.9,892.16,2746.4,909.96,906.61,1453.1,416.99,488.55002,1539.52,462.27,462.27,462.27,462.27,631.9,631.9,594.35,594.35,1042.41,1042.41,1042.41,1042.41,1232.62,488.55002,399.99,676.56,610.17,1434.62,1661.44,1661.44,1661.44,238.9,238.9,1330.94,1732.99,681.01,681.01,681.01,282.81,282.81,1037.74,941.26,945.99,1167.48,540.58,997.84,1539.52,956.68,988.23,956.68,955.12,437.13,398.83002,1520.84,1678.23,1073.8,327.35,591.6,1428.91,1269.5499,1742.51,695.61,441.78,285.16,358.05,1018.24,1018.24,1018.24,588.48,285.16,285.16,209.67,209.67,398.83002,398.83002,422.83002,422.83002,914.38,876.48,426.96,426.96,426.96,426.96,1020.81,928.17,876.48,583.18,583.18,316.21,909.34,368.41,316.21,2234.8801,582.57,327.35,1619.32,590.67,1453.1,1009.55,466.96,638.88,617.75,1461.6,1363.63,1791.19,1434.62,676.56,1369.11,213.68001,872.37,945.99,290.16,1335.64,565.28,376.38998,865.39,1342.6799,1623.05,1862.46,586.1,497.16998,362.23,962.43,1472.4299,962.43,1037.74,917.89,638.88,800.49,1282.9,125.18,401.84,151.24,559.42,988.88995,660.51,303.32,1413.2,1413.2,435.87,389.81,1462.15,380.65,528.47003,739.39,752.23,998.56,1341.15,1078.5,1544.89,1078.5,942.44,1163.67,879.34,579.8,663.47,739.11,599.02,470.15,429.42,632.86,506.75,420.52,578.75,632.86,632.86,569.21,894.51,631.19,894.51,632.86,537.27997,550.83997,988.89,988.89,589.62,589.69,589.62,618.43,985.32,743.8,934.36,1283.0399,1163.53,1253.11,1377.16,1885.64,688.94,632.67,632.67,547.17,545.48,693.03,511.77,570.04004,538.99,739.39,777.82,696.72,752.23,727.66,998.56,1341.15,1078.5,1544.89,1078.5,942.44,1163.67,879.34,629.24,579.8,663.47,739.11,599.02,470.15,429.42,632.86,506.75,420.52,632.86,632.86,569.21,894.51,631.19,894.51,632.86,654.72,537.27997,550.83997,419.38998,676.8,732.33,988.89,988.89,589.62,612.19,589.69,541.66,589.62,618.43,942.71,985.32,1128.37,765.95,805.38,934.36,854.19,942.71,947.21,2743.12,514.59,873.83997,242.03,1283.0399,976.92,1163.53,1122.48,1253.11,1427.98,914.82,1377.16,1885.64,632.67,632.67,547.17,545.48,511.77,570.04004,538.99
2019,921.0,1016.11,1781.1901,1781.1901,1044.21,889.95,2981.1,1065.3099,1096.0701,1446.84,680.01,802.2,1407.5,550.44,550.44,550.44,550.44,601.31,601.31,588.11,588.11,1158.93,1158.93,1158.93,1158.93,1165.16,802.2,739.32,809.92,711.05,1283.47,1425.35,1425.35,1425.35,232.55,232.55,1388.1799,1202.26,645.8,645.8,645.8,309.26,309.26,1365.8,1078.11,1284.0,1377.35,742.88,1128.23,1407.5,1343.68,1337.3201,1343.68,1349.07,402.35,697.31,1275.0,1419.51,1115.09,433.3,944.62,1322.58,1160.1901,1566.3,1215.64,905.25,390.71,458.29,1240.63,1240.63,1240.63,608.73,390.71,390.71,223.78,223.78,697.31,697.31,425.34,425.34,1062.18,1248.0,797.41,797.41,797.41,797.41,1327.64,1225.97,1248.0,780.03,780.03,356.19,1088.29,336.63,356.19,1861.07,797.2,433.3,1104.29,599.98,1446.84,885.17,507.25,929.15,686.88,1339.61,1333.39,1487.06,1283.47,809.92,999.26,215.44,1200.1,1284.0,395.67,1085.24,757.16,546.16,976.21,1086.3099,1076.16,1235.91,888.61,534.5,362.02,1126.62,1384.11,1126.62,1365.8,1100.52,929.15,835.93,961.63,41.14,244.9,99.75,505.61,554.52,304.8,142.09,969.04,969.04,261.66,80.93,1606.55,329.02,540.38,857.35,863.2,1196.33,1682.26,1390.67,1831.33,1390.67,1147.9,1317.76,1034.96,660.82,779.48,866.24,680.32,668.32,606.39,824.19,717.24,637.29,836.45,824.19,824.19,754.04,1101.27,841.41,1101.27,824.19,772.03,289.41,678.1,678.1,792.82,764.65,792.82,745.48,932.97003,857.27997,1022.75,1297.75,1098.35,1629.54,1593.44,1693.87,906.57,818.7,818.7,690.51,825.93,1040.7001,769.24,712.60004,684.41003,857.35,911.82,803.72003,863.2,907.16003,1196.33,1682.26,1390.67,1831.33,1390.67,1147.9,1317.76,1034.96,797.77,660.82,779.48,866.24,680.32,668.32,606.39,824.19,717.24,637.29,824.19,824.19,754.04,1101.27,841.41,1101.27,824.19,976.93,772.03,289.41,349.04,523.71,475.79,678.1,678.1,792.82,740.29,764.65,753.5,792.82,745.48,909.71,932.97003,852.59,834.74,847.02997,1022.75,864.18,909.71,889.93,2253.43,371.22,1044.65,199.35,1297.75,1156.9501,1098.35,1408.76,1629.54,1863.66,1246.0,1593.44,1693.87,818.7,818.7,690.51,825.93,769.24,712.60004,684.41003
2020,932.36,975.32,2509.22,2509.22,1018.26,1155.98,2333.97,934.21,827.97003,1330.34,176.31999,195.48,1178.16,504.9,504.9,504.9,504.9,717.04,717.04,686.09,686.09,963.86,963.86,963.86,963.86,965.4,195.48,192.85,755.93,519.85,1056.96,1644.2,1644.2,1644.2,188.14,188.14,1066.35,1011.73,488.73,488.73,488.73,209.58,209.58,978.71,678.6,752.01,1193.44,600.36,1157.75,1178.16,1088.3,1121.55,1088.3,1173.59,317.79,165.11,1509.24,1432.65,754.29,255.49,710.26,1194.11,965.97,1522.73,354.48,188.55,341.86,396.4,811.53,811.53,811.53,645.69,341.86,341.86,160.46,160.46,165.11,165.11,200.45,200.45,973.89,511.56,160.64,160.64,160.64,160.64,1054.63,964.86,511.56,532.19,532.19,149.83,766.19,230.57,149.83,2701.15,578.46,255.49,1175.87,637.51,1330.34,926.0,320.47,442.72998,655.77997,1513.01,1210.54,1672.0599,1056.96,755.93,1129.0,149.22,714.46,752.01,183.4,1311.08,292.94998,221.12999,712.53,1182.63,1255.44,1587.69,283.51,306.82,161.52,858.82,1633.06,858.82,978.71,981.39996,442.72998,718.69,1343.16,540.21,286.47,271.12,1283.75,868.85,879.82,192.87,1431.77,1431.77,321.8,774.77997,1390.31,660.13,746.49,796.26,805.54,1102.94,1490.18,1255.65,1672.32,1255.65,1094.64,1210.56,1181.82,778.88,907.27997,1034.55,748.73,640.65,617.7,842.64,685.4,610.86,764.45,842.64,842.64,811.4,927.2,682.52,927.2,842.64,691.98,441.2,814.27997,814.27997,808.73,822.35,808.73,704.54,1106.83,761.64,983.56,1081.31,897.47,1447.23,1589.37,1239.37,846.24,895.92,895.92,887.36,728.35,951.37,588.33,932.52997,871.13,796.26,851.09,798.24,805.54,776.56,1102.94,1490.18,1255.65,1672.32,1255.65,1094.64,1210.56,1181.82,845.94,778.88,907.27997,1034.55,748.73,640.65,617.7,842.64,685.4,610.86,842.64,842.64,811.4,927.2,682.52,927.2,842.64,905.20996,691.98,441.2,282.63,439.65,465.58002,814.27997,814.27997,808.73,757.85,822.35,756.71,808.73,704.54,808.33997,1106.83,444.66,736.96,757.83,983.56,758.45996,808.33997,819.57,3106.29,590.45,1167.1799,236.0,1081.31,1045.76,897.47,1255.34,1447.23,1789.76,1131.29,1589.37,1239.37,895.92,895.92,887.36,728.35,588.33,932.52997,871.13
2021,748.49,949.82,2778.25,2778.25,951.2,996.7,2873.1,921.29004,819.12,1240.21,435.84,532.29,1267.22,542.42004,542.42004,542.42004,542.42004,570.75,570.75,558.42,558.42,918.64996,918.64996,918.64996,918.64996,727.60004,532.29,400.99,748.21,737.03,1234.1,1445.85,1445.85,1445.85,203.27,203.27,1122.55,1107.14,502.63,502.63,502.63,301.42,301.42,1117.84,674.97,838.65,1207.1,684.81,1221.93,1267.22,1164.76,1185.31,1164.76,1200.73,405.45,430.07,1248.43,1230.9,783.42,292.47,746.79,1365.42,744.52,1391.74,725.04,462.04,313.89,357.73,913.95,913.95,913.95,619.78,313.89,313.89,179.13,179.13,430.07,430.07,372.68,372.68,937.73,794.61,503.4,503.4,503.4,503.4,898.92,841.70996,794.61,640.27997,640.27997,306.77,809.68,332.28,306.77,2629.15,698.23,292.47,920.93,629.43,1240.21,860.52997,456.51,508.26,672.8,1539.55,1335.17,1282.72,1234.1,748.21,1359.97,196.07,758.92,838.65,355.93,823.57,411.41,400.91,879.89,1231.18,868.65,1147.81,585.04,350.21,318.91,851.18,1625.11,851.18,1117.84,995.66,508.26,688.82,1488.29,279.81,521.84,213.29,1069.38,1073.45,849.14,332.95,1680.04,1680.04,555.57,378.77002,1480.55,610.69,691.05,974.38,1145.76,1359.53,1498.39,1583.13,1734.86,1583.13,1337.01,1525.51,1062.8201,748.49,832.94,906.22,829.24,723.73,753.13,1017.47003,810.93,711.82,829.20996,1017.47003,1017.47003,920.08,1295.52,1037.74,1295.52,1017.47003,806.45,394.56,809.85004,809.85004,770.93,741.01,770.93,797.27,894.15,950.81,1204.42,1377.1,938.07996,1234.17,1462.85,1386.34,975.41,833.18,833.18,740.83,870.35,866.15,662.73,777.57,747.39,974.38,1157.48,973.01,1145.76,1095.3,1359.53,1498.39,1583.13,1734.86,1583.13,1337.01,1525.51,1062.8201,888.65,748.49,832.94,906.22,829.24,723.73,753.13,1017.47003,810.93,711.82,1017.47003,1017.47003,920.08,1295.52,1037.74,1295.52,1017.47003,871.26,806.45,394.56,413.57,581.49,478.22,809.85004,809.85004,770.93,730.82,741.01,640.23,770.93,797.27,925.81,894.15,711.28,834.56,937.89,1204.42,923.99,925.81,912.44,3769.52,600.11,1002.3,122.12,1377.1,904.61,938.07996,966.77997,1234.17,1481.24,927.13,1462.85,1386.34,833.18,833.18,740.83,870.35,662.73,777.57,747.39
2022,775.07,825.65,1971.59,1971.59,866.04,806.17,2631.17,965.01,776.71,1362.59,327.43,395.13998,1196.48,380.46,380.46,380.46,380.46,716.83,716.83,711.48,711.48,911.26996,911.26996,911.26996,911.26996,977.66,395.13998,347.67,610.69,640.23,1089.26,1325.79,1325.79,1325.79,258.19,258.19,1184.58,1111.3,534.79,534.79,534.79,341.38,341.38,1096.14,687.77,827.68,1286.86,711.12,1234.27,1196.48,1074.47,1149.32,1074.47,1196.3099,484.93,330.23,1077.91,1161.21,703.73,313.85,638.45,1535.67,977.73,1198.99,547.73,337.74,325.75,376.59,833.78,833.78,833.78,476.26,325.75,325.75,232.93999,232.93999,330.23,330.23,395.37,395.37,1068.5,746.2,343.87,343.87,343.87,343.87,1035.53,908.77,746.2,796.91,796.91,261.99,886.46,381.35,261.99,2441.1401,577.38,313.85,1074.11,470.12,1362.59,713.72003,350.88,766.42,699.45,1329.7,1531.3,1356.28,1089.26,610.69,902.14996,255.43,761.7,827.68,269.75,1051.5,587.01,341.88,953.35004,1107.12,1113.46,1403.04,463.08002,261.44,320.81,855.24,1273.72,855.24,1096.14,1082.87,766.42,731.32,1568.75,375.25,401.0,386.08002,1555.16,1136.5299,642.09,222.15,1736.48,1736.48,399.12,531.73,1239.0599,927.6,928.78,815.26,828.27,1095.26,1175.77,1145.3,1465.85,1145.3,987.02997,1195.11,1058.8099,590.83997,736.45996,817.37,908.25,586.18,588.37,835.05,661.86,549.25,703.64,835.05,835.05,825.79,1012.03,805.23,1012.03,835.05,654.77,400.34,905.56,905.56,744.77,704.3,744.77,717.52997,710.55,765.27997,1050.18,1125.08,697.83,836.01,1048.56,1043.83,848.27,791.57,791.57,652.83,709.0,800.27997,687.56,691.6,655.2,815.26,856.29,790.3,828.27,824.91003,1095.26,1175.77,1145.3,1465.85,1145.3,987.02997,1195.11,1058.8099,1009.45,590.83997,736.45996,817.37,908.25,586.18,588.37,835.05,661.86,549.25,835.05,835.05,825.79,1012.03,805.23,1012.03,835.05,852.61,654.77,400.34,438.9,501.67,589.83,905.56,905.56,744.77,730.15,704.3,653.46,744.77,717.52997,682.24,710.55,604.16,673.95,692.10004,1050.18,743.88,682.24,687.77997,4296.57,825.35,1011.17,150.44,1125.08,734.38,697.83,840.69,836.01,1375.08,845.46,1048.56,1043.83,791.57,791.57,652.83,709.0,687.56,691.6,655.2
2023,755.87,944.03,1824.7,1824.7,923.18,768.01,2411.69,909.7,795.51,1611.77,613.76,724.18,1033.4299,436.63,436.63,436.63,436.63,483.09,483.09,461.21,461.21,765.06,765.06,765.06,765.06,824.13,724.18,664.71,520.63,817.29,1400.34,1384.56,1384.56,1384.56,235.44,235.44,1467.14,1000.37,624.07,624.07,624.07,144.5,144.5,816.12,512.72,682.43,1023.9,593.8,1061.05,1033.4299,871.31,844.76,871.31,936.13,308.56,649.19,1201.46,1197.98,581.21,371.4,813.19,1024.91,859.29004,1095.62,947.43,733.22003,345.42,410.28,867.53,867.53,867.53,565.35,345.42,345.42,191.42,191.42,649.19,649.19,208.03,208.03,908.04004,1004.88,728.57,728.57,728.57,728.57,847.73,826.53,1004.88,622.77997,622.77997,135.56,950.08,243.47,135.56,2091.87,620.15,371.4,806.89,568.35,1611.77,690.46,537.2,626.35,667.8,1146.31,924.57,1237.84,1400.34,520.63,1358.97,86.44,572.93,682.43,336.22,933.19,650.59,511.99,1024.53,994.55005,798.32,1115.35,897.59,526.92,207.39,845.3,1254.26,845.3,816.12,957.16,626.35,754.47003,1360.91,387.86,250.26,235.56,764.01,949.47,698.65,117.35,1467.62,1467.62,284.33,577.99,1408.7,538.0,612.21,1076.69,1100.82,1349.72,1721.41,1442.97,2086.96,1442.97,1211.77,1419.29,1233.46,722.95,877.26,1073.95,764.57,799.94,709.54,982.58,839.69,823.49,857.85,982.58,982.58,915.58,1248.61,1009.51,1248.61,982.58,848.01,313.39,734.53,734.53,865.04,854.71,865.04,671.16,1121.38,965.89,1219.19,1368.27,773.24,1220.95,1539.37,1295.87,1165.03,922.31,922.31,721.14,950.36,1000.61,826.53,750.96,710.21,1076.69,1083.01,992.92,1100.82,1101.9,1349.72,1721.41,1442.97,2086.96,1442.97,1211.77,1419.29,1233.46,854.26,722.95,877.26,1073.95,764.57,799.94,709.54,982.58,839.69,823.49,982.58,982.58,915.58,1248.61,1009.51,1248.61,982.58,1071.4,848.01,313.39,246.83,369.38,477.88998,734.53,734.53,865.04,803.04,854.71,726.11,865.04,671.16,864.61,1121.38,533.6,886.12,880.73,1219.19,843.67,864.61,824.20996,3420.33,827.83,1233.47,162.89,1368.27,933.55,773.24,1065.47,1220.95,1626.6799,1151.06,1539.37,1295.87,922.31,922.31,721.14,950.36,826.53,750.96,710.21
2024,880.15,959.0,2446.87,2446.87,1054.3,984.77997,2566.15,877.33997,771.26,1316.68,575.74,675.38995,1163.97,508.34,508.34,508.34,508.34,587.69,587.69,564.05,564.05,1075.75,1075.75,1075.75,1075.75,1018.97,675.38995,599.12,609.99,593.65,1110.92,1338.77,1338.77,1338.77,266.7,266.7,1173.11,1177.88,572.25,572.25,572.25,144.2,144.2,960.05,787.68,890.72,1225.14,855.8,1468.91,1163.97,1059.87,1078.86,1059.87,1087.26,333.63,584.71,1188.85,1161.32,854.74,312.83002,819.27,1464.75,1017.6,1451.4,1199.07,873.61,437.71,499.41,1051.46,1051.46,1051.46,683.88,437.71,437.71,178.83,178.83,584.71,584.71,271.58,271.58,875.96,1044.4,671.68,671.68,671.68,671.68,1037.53,970.71,1044.4,703.97003,703.97003,178.66,882.47003,280.54,178.66,2566.3901,572.55,312.83002,1022.67,684.98,1316.68,881.66,364.56,663.46,706.41,1401.24,1377.19,1399.9299,1110.92,609.99,1205.4299,104.03,872.92,890.72,295.83002,873.24,455.86,398.77,821.39,1269.9,1051.89,1183.13,636.61,407.4,232.45999,944.32,1414.0,944.32,960.05,878.34,663.46,658.02,1960.4401,546.24,328.23,205.74,976.51,1521.9501,1247.2001,266.06,2237.71,2237.71,317.76,1033.37,1483.37,485.68,529.63,1108.45,1075.0,1407.14,1630.0701,1507.13,1864.41,1507.13,1187.16,1498.74,1113.97,864.01,1012.74,1004.15,779.11,751.11,765.29,924.46,874.9,753.22,874.7,924.46,924.46,868.89,1332.52,1035.5,1332.52,924.46,856.01,499.38998,939.04,939.04,814.98004,866.91003,814.98004,676.13,1167.6901,1008.47,1307.62,1162.9299,874.68,1764.34,1704.34,1732.76,1077.76,807.96,807.96,824.75,746.27997,960.52997,676.97,868.42,813.79,1108.45,1121.93,1038.53,1075.0,1095.97,1407.14,1630.0701,1507.13,1864.41,1507.13,1187.16,1498.74,1113.97,898.01,864.01,1012.74,1004.15,779.11,751.11,765.29,924.46,874.9,753.22,924.46,924.46,868.89,1332.52,1035.5,1332.52,924.46,1121.74,856.01,499.38998,252.47,514.19,478.81,939.04,939.04,814.98004,721.37,866.91003,718.19,814.98004,676.13,899.53,1167.6901,780.43,971.08,977.87,1307.62,1052.1,899.53,891.82,2432.7,490.4,955.3,94.9,1162.9299,1509.19,874.68,1532.58,1764.34,1857.67,1226.23,1704.34,1732.76,807.96,807.96,824.75,746.27997,676.97,868.42,813.79
