,Site,N,EC average,EC std,v3L1 average,v3L1 std,r2,r,nse,bias,rmse,urmse,pbias,rrmse
0,AR-TF1,12,1.1550815245803339,0.5860272660511712,1.3083333333333333,0.6160111175698837,0.8642604569462846,0.8642604569462846,0.7962723977394509,0.15325180875299946,0.26620683788423943,0.2176693907058588,13.267618388120194,23.04658435091481
1,CA-Cbo,108,1.5554911403509382,1.45848132362298,1.4490740740740744,1.704159033996927,0.8665091029931948,0.8665091029931948,0.8569439712388853,-0.1064170662768639,0.6415687689493217,0.6326815101582894,-6.841380417818058,41.24541453862449
2,CA-DB2,39,0.760650540427618,0.6374698564438693,1.1192307692307695,1.1634010590898987,0.8938920218609481,0.8938920218609481,0.6383703528309626,0.3585802288031512,0.6905910783155117,0.5902001838024629,47.14125735078906,90.78953364409355
3,CA-DBB,108,0.8774520180473232,0.7557522175409074,1.1236111111111111,1.0930207292827272,0.8585247997982354,0.8585247997982354,0.752044389730394,0.246159093063788,0.5417455830749424,0.48259090095361584,28.053852290588956,61.74076438738382
4,CA-ER1,108,1.5971806350898703,1.3183576920637785,0.9231481481481482,1.1309458849429694,0.6915759137504102,0.6915759137504102,0.22142796379657959,-0.6740324869417219,0.9932789605024447,0.7295774804117616,-42.20139363909802,62.189519374341444
5,CA-LP1,78,0.8826867479875554,0.7220211272978138,0.592948717948718,0.7664102678296384,0.8492381116619705,0.8492381116619705,0.7040416355495527,-0.2897380300388373,0.4142616065062076,0.2960820031246712,-32.82455873495477,46.93189372681599
6,PE-QFR,72,2.80589452742115,0.43432822043243086,2.9243055555555557,0.351505119426141,0.13915656323602585,0.13915656323602585,-0.7199789022216143,0.11841102813440536,0.45777928934527456,0.44219984867661094,4.220081224622328,16.314914365865768
7,US-ALQ,117,1.1693542688259249,1.02783840429818,1.3333333333333333,1.7383727031831844,0.9266036407229367,0.9266036407229367,0.7797371700148987,0.16397906450740884,0.8123619342898457,0.7956398548881366,14.023044074748187,69.47098547863406
8,US-ARM,108,1.8447485920758606,1.210446435504322,1.6201388888888886,1.2606159409681656,0.6769976200737358,0.6769976200737358,0.6260749627945146,-0.2246097031869718,0.7672821210104639,0.7336704535802,-12.175626757585583,41.59277444668251
9,US-Bar,144,0.9277228297034138,0.994384356132727,1.5039930555555556,1.734090174765191,0.7764713525065534,0.7764713525065534,0.5705576085619379,0.5762702258521419,1.132428801867428,0.9748372264615359,62.11663736208489,122.06542359526252
10,US-Bi1,144,2.4261945389226964,1.4564605618664153,2.565277777777778,1.5423313315516662,0.8113916063584162,0.8113916063584162,0.8013060860095568,0.13908323885508142,0.6851043676388564,0.6708381676883163,5.732567468264048,28.237816739257166
11,US-Bi2,144,1.9708818362624616,1.3573182486069986,2.0416666666666665,1.9164497698295457,0.7057093581242451,0.7057093581242451,0.686959371942661,0.07078483040420537,1.0685247022453466,1.0661775401372673,3.5915309128039974,54.21556394632334
12,US-BRG,108,1.828768806120635,1.2291068204710305,1.9421296296296295,1.8908926097332408,0.8839308504193968,0.8839308504193968,0.7961092221539625,0.11336082350899478,0.8498566301950224,0.8422622012056588,6.198750937220268,46.471518288734494
13,US-BZB,144,0.7341733175397278,0.8331802382073235,0.9944444444444444,1.3777085352427796,0.9181372033607693,0.9181372033607693,0.7572808337153024,0.26027112690471665,0.6763884103210991,0.6243077943742592,35.45091066192729,92.1292553354744
14,US-BZF,144,0.7921109076197725,0.9152298734434074,0.9878472222222222,1.3779671929648163,0.828961650526555,0.828961650526555,0.7479869163758799,0.19573631460244983,0.6893458966281466,0.6609728136193758,24.710720774016504,87.02643657560199
15,US-BZo,144,0.8074072859081348,0.9309498219331075,1.038888888888889,1.4308836875959303,0.9310757683703901,0.9310757683703901,0.8059301914195576,0.23148160298075415,0.6281597341000185,0.5839528397277185,28.669744132961867,77.79961180230038
16,US-BZS,144,0.7808008606920915,0.7926375281936957,1.0392361111111112,1.4391250400589342,0.8581205537055617,0.8581205537055617,0.6845935096285529,0.2584352504190196,0.8054166723817965,0.7628284456491019,33.09874046372669,103.15263634160006
17,US-CF1,108,1.2104201702937953,1.279736615329902,0.9935185185185185,1.8264520864104055,0.8150164300080653,0.8150164300080653,0.7599314090997314,-0.21690165177527662,0.890750277990954,0.8639384996619368,-17.919533819618177,73.59017140095654
18,US-CF2,108,1.1815747177677705,1.0968317961045717,0.9349537037037037,1.6402428153062354,0.7938655867179817,0.7938655867179817,0.721634199034946,-0.24662101406406708,0.8613825992986237,0.8253230021006713,-20.87223180688761,72.90123818203784
19,US-CF3,144,1.019344069112851,0.9928600056952904,0.9578125000000001,1.7553899730842986,0.5120338418734696,0.5120338418734696,0.4883088741797401,-0.06153156911285091,1.2513083094598516,1.2497945236420993,-6.036388593147225,122.75622602571104
20,US-CF4,144,1.323813624495733,1.3497623024654648,1.002951388888889,1.7312772088386692,0.7384672817516318,0.7384672817516318,0.6975256229104896,-0.32086223560684396,0.9488502580713392,0.8929525396141864,-24.23771969631048,71.67551689406241
21,US-CS1,29,1.033304017395381,1.001268667323599,0.8646551724137933,1.6647811584165397,0.8481241267282582,0.8481241267282582,0.7354181136536048,-0.16864884498158783,0.8414285097526621,0.8243539919906752,-16.321319006065227,81.43087567525637
22,US-CS2,108,1.8211642179104681,1.4941135259089569,1.6949074074074075,1.8209828379255484,0.8770219247766736,0.8770219247766736,0.8587146440366487,-0.1262568105030605,0.6812938034366706,0.6694926918217994,-6.932752645882895,37.40979515940414
23,US-CS3,36,1.3135999031500307,1.2155083926655736,1.1249999999999998,1.709344068014729,0.8827556420913524,0.8827556420913524,0.818042680094803,-0.18859990315003095,0.7189472496509698,0.6937688551041282,-14.357484550491042,54.7310674983246
24,US-CS4,42,0.9265582138164857,1.3514142792431276,1.011904761904762,1.8825841581878087,0.9065926433535851,0.9065926433535851,0.8495903483666426,0.08534654808827642,0.7213724226638432,0.716305897580997,9.211137175799747,77.85505669336372
25,US-DFC,116,1.685069605712443,1.4560015873007102,1.4025862068965516,1.799092099868179,0.8648933653024352,0.8648933653024352,0.8254573408217155,-0.2824833988158915,0.7483833489573529,0.6930229190943437,-16.76390090108226,44.412607432969416
26,US-DS3,17,3.5258668275315945,2.4596262473126407,3.0955882352941186,2.5919682930840304,0.9831200975393584,0.9831200975393584,0.9520269527193705,-0.43027859223747666,0.5507618730947829,0.34380077649273705,-12.203483945498537,15.620609059712072
27,US-EDN,62,2.8368276103733323,1.485378750876671,0.9354838709677421,0.5408241355905162,0.8344648776117947,0.8344648776117947,-15.087847945298979,-1.9013437394055899,2.1516623172911715,1.0072451103251794,-67.02359115700263,75.8474822165175
28,US-EML,84,0.8245996584268647,0.6890199020155757,0.49880952380952387,0.8462257165093116,0.6690514345331959,0.6690514345331959,0.5190329199113177,-0.3257901346173408,0.5833689345184003,0.4839215865686802,-39.50888546799413,70.74571624627231
29,US-GLE,100,1.5544562571312803,0.6804630805533805,1.2094999999999998,1.358450822210225,0.6395100400883207,0.6395100400883207,0.48510539136762254,-0.34495625713128014,0.9698860000526558,0.9064678889867629,-22.191441898010716,62.393907554694536
30,US-Ha1,108,1.373237951685937,1.1350433315644313,1.9092592592592594,2.0551979706372805,0.9385105499627328,0.9385105499627328,0.6963892213598923,0.5360213075733223,1.127177383848658,0.9915694693198711,39.03338870843498,82.08172388949868
31,US-HB1,36,2.375495574171428,1.2854538489801444,1.976388888888889,1.0903135925772593,0.9213293300627367,0.9213293300627367,0.735497797098582,-0.3991066852825396,0.5529028706897857,0.38264270302697506,-16.800986270906773,23.27526418914243
32,US-HB2,36,2.0677281868497217,0.8485035667985554,2.6833333333333336,1.4279855941650312,0.9009873337611719,0.9009873337611719,0.5837996328228023,0.6156051464836118,0.9083596357879377,0.6679427606851396,29.77205371570208,43.93032128521037
33,US-HB3,108,1.6272180079104517,0.9180937118635142,2.4662037037037035,1.3162149908135186,0.7674501519661618,0.7674501519661618,0.3254766072826658,0.8389856957932523,1.075982856427596,0.6736780459391573,51.55951395047632,66.12407502847701
34,US-Hn2,36,0.775875842716141,0.6423806687322356,1.0041666666666669,0.8922183429119642,0.656000144943035,0.656000144943035,0.5805685283973074,0.22829082395052577,0.5697501214679864,0.5220138892910564,29.423628289719467,73.43315645367156
35,US-Hn3,36,0.46443507739369205,0.2982681579654461,1.3805555555555555,1.1630334584167497,0.1830983831511468,0.1830983831511468,-0.48449196277127893,0.9161204781618637,1.3972171441728432,1.0549592491954336,197.25479894906545,300.8422946892211
36,US-Ho2,108,1.1328600567543747,1.1291900101990908,1.4592592592592593,1.5743289350411678,0.8670816918612194,0.8670816918612194,0.7779339207295759,0.3263992025048845,0.7384423591180928,0.6623901254880462,28.81196142090249,65.18389934531878
37,US-HWB,24,1.5934243834419295,0.9693365265278875,1.8499999999999999,1.730229941994391,0.7991628777795201,0.7991628777795201,0.6648455711310793,0.25657561655807054,0.9805835464951795,0.9464211771959196,16.102152020784683,61.53938377527758
38,US-ICh,144,0.2878650524628019,0.4456530613410622,0.19722222222222224,0.4155953593575158,0.6898233913012248,0.6898233913012248,0.5834696304930755,-0.0906428302405797,0.26728882260502196,0.2514501779986571,-31.48795918959027,92.85212648018855
39,US-ICs,108,0.32267109940874117,0.48296159105239866,0.1736111111111111,0.3657317804108527,0.584397907296209,0.584397907296209,0.107514907067506,-0.14905998829762995,0.3439087271005842,0.30992633393220154,-46.19564273675757,106.58181898867255
40,US-ICt,144,0.29980011321020594,0.4290415263594353,0.20347222222222222,0.42679701443507256,0.67773483335727,0.67773483335727,0.593309792867831,-0.09632789098798368,0.27123142328100375,0.25354964482887005,-32.13070534114276,90.47075412237382
41,US-Jo1,108,0.6837829498884354,0.4918267919204128,0.3912037037037038,0.26314317765956086,0.17922391613615485,0.17922391613615485,-3.158612118894898,-0.29257924618473163,0.5341292154208906,0.4468684408952039,-42.78832138655523,78.11385403921494
42,US-Jo2,108,0.7001774761119768,0.44328907256009026,0.5537037037037037,0.36356899766195805,0.2883357864640251,0.2883357864640251,-0.3410271025109082,-0.1464737724082732,0.4190690924448814,0.39263766788104526,-20.919520750885763,59.851838532700995
43,US-KFS,72,1.0674488503805566,0.9236423465324899,1.645486111111111,1.6200402446144915,0.6629946054495252,0.6629946054495252,0.47430285067543854,0.5780372607305546,1.166424251027419,1.0131231211417457,54.15128420668384,109.2721445726956
44,US-KLS,72,1.2780896834092763,1.2185390851448228,1.7798611111111111,1.6728498859735041,0.4608192609826895,0.4608192609826895,0.3671234284312721,0.5017714277018348,1.321537242695371,1.2225735635015778,39.25948501230136,103.39941397306326
45,US-Kon,72,1.8005385012935062,1.4111361067852692,1.657638888888889,1.8079667149618706,0.8221632822532667,0.8221632822532667,0.7998961114593562,-0.14289961240461757,0.8031212570833783,0.7903059245341617,-7.936493015948203,44.60450340308837
46,US-KS3,25,2.434265959701373,0.9166590495174199,2.2260000000000004,0.6027489112391661,0.5927504318387707,0.5927504318387707,-0.09545571121499652,-0.2082659597013728,0.6181152564233464,0.5819723019637322,-8.555595943465525,25.3922647178279
47,US-Me2,108,1.1479621864087406,0.9328171988120355,1.8090277777777775,1.793721065523686,0.6885069859694772,0.6885069859694772,0.45548788512084215,0.6610655913690373,1.317463806477835,1.139606583557225,57.58600755283588,114.76543583716459
48,US-Me6,126,0.7607270706623668,0.692538089241419,0.8170634920634919,0.7897509151222986,0.2661225511667644,0.2661225511667644,0.130646028864847,0.05633642140112544,0.7334291938816851,0.7312623264339915,7.4056022946670215,96.41160702261938
49,US-MMS,108,1.4496007032393157,1.3503467193864966,2.1212962962962965,2.106556339698182,0.9566507120534057,0.9566507120534057,0.7404167677778712,0.6716955930569809,1.0682955215792582,0.830710750920036,46.33659403972365,73.6958473593464
50,US-Mo1,144,1.7796115623567101,1.1119595457934457,1.9319444444444445,1.7589989515566269,0.6781782205290797,0.6781782205290797,0.6340068232084184,0.15233288208773457,1.0604467067910055,1.0494483841422277,8.559895052940803,59.58866132487212
51,US-Mo2,144,1.7327760908298824,1.3284446086828319,2.0899305555555556,1.9871754901644145,0.930780839382522,0.930780839382522,0.8104816680299538,0.35715446472567314,0.8620820596094114,0.7846184842500988,20.611691644165077,49.751497852012285
52,US-Mo3,144,1.5787635901882497,1.0730235963405361,1.849652777777778,1.9014302357779755,0.7577197140558896,0.7577197140558896,0.6435555292993224,0.270889187589528,1.131261766352278,1.0983497767367012,17.158312319403535,71.65491865804859
53,US-MOz,72,1.425639904393692,1.368916694188737,2.2944444444444443,2.1980714266988937,0.8253774282109274,0.8253774282109274,0.5853113312781358,0.8688045400507526,1.405613149068037,1.1049556534178935,60.9413735806059,98.59524447485411
54,US-Mpj,108,0.9166151312735518,0.47603731021376067,1.2291666666666667,0.8910018775481859,0.17117874910454475,0.17117874910454475,0.03244894119091646,0.3125515353931149,0.8723596640293825,0.8144463893644955,34.0984481631733,95.17185940595586
55,US-Myb,144,2.7449387428855907,1.8471458512087187,2.3930555555555557,1.554809941740133,0.9123512010374922,0.9123512010374922,0.8065537550313394,-0.35188318733003504,0.6814660641514245,0.5835873705491654,-12.819345722816431,24.826275847417996
56,US-NC3,108,3.418973849103278,2.1183897673122334,2.4490740740740744,1.7317537634621984,0.7812667007804861,0.7812667007804861,0.3494872048511176,-0.9698997750292037,1.3902537425028336,0.9960421150440557,-28.368154242641754,40.66289488781749
57,US-NC4,144,3.430294078549165,2.058364235251898,2.051388888888889,1.4727827289145425,0.8484518425780333,0.8484518425780333,-0.2612983370795443,-1.3789051896602762,1.6482928201852345,0.9030446827273564,-40.19787103044766,48.051064498889154
58,US-Ne1,108,1.7724959076050297,1.5387822616398403,1.6333333333333333,2.2225585155716794,0.8900014616572364,0.8900014616572364,0.8230174202479253,-0.1391625742716965,0.9306759164657826,0.920212714219652,-7.851221188980397,52.50651990070308
59,US-NGB,72,0.31128669025224487,0.41412853170991143,0.062152777777777786,0.15660308306664367,0.25758751045250206,0.25758751045250206,-6.875310704877472,-0.24913391247446703,0.4364124005710241,0.35831282007113363,-80.03358970233722,140.19629307548811
60,US-NGC,72,0.786180550735436,0.5685405471342333,0.3541666666666667,0.6030293244919216,0.2866378397901194,0.2866378397901194,-0.3998210528502597,-0.43201388406876934,0.7084963519105252,0.5615434841954262,-54.95097578598708,90.1187839419023
61,US-ONA,108,2.487355721327561,0.8064661726371581,2.691203703703704,0.82106691201439,0.6904629407105931,0.6904629407105931,0.6053633168331649,0.2038479823761424,0.5134016832312779,0.47119771691497536,8.195369107372542,20.640460824689086
62,US-Pnp,144,3.229157814555968,2.1162075216677763,2.213194444444445,1.62501195381414,0.2557507842533704,0.2557507842533704,-0.772360307232699,-1.0159633701115234,2.1558539722229093,1.9014533336742538,-31.46217770874805,66.7621124772855
63,US-RGA,24,2.2606379911836734,1.161871262746115,2.6010416666666667,1.5821263754054615,0.7132993731320155,0.7132993731320155,0.6528512125681302,0.34040367548299333,0.9125513126233912,0.8466848503949643,15.057858746537185,40.36698118771233
64,US-RGB,36,2.2179003462857145,1.443410473313477,2.9416666666666664,3.0773249050804785,0.5616768871826726,0.5616768871826726,0.4261541741312457,0.7237663203809523,2.298548843954679,2.1816253348198003,32.6329504205648,103.63625434316853
65,US-RGo,19,2.123946791886105,1.243047141819711,3.405263157894736,2.3206138278506607,0.925302322760969,0.925302322760969,0.4217930679421428,1.2813163660086322,1.7175285891988195,1.1437363441430548,60.32714053400552,80.86495366833657
66,US-Rls,144,1.1279347348468771,0.9237115526309586,0.7652777777777777,0.7476134003786963,0.5449766569545031,0.5449766569545031,0.060693594312365984,-0.3626569570690992,0.722050365023559,0.6243690103777063,-32.152299762125125,64.01526105334285
67,US-Rms,108,1.294750294855626,1.2775794123883448,0.8083333333333335,0.9953278706503985,0.8757054780056727,0.8757054780056727,0.5136910604615301,-0.4864169615222923,0.6908794942587918,0.4906251268847783,-37.56839936279229,53.36005691628978
68,US-Ro4,144,1.0427666768004502,1.016098027520541,1.2618055555555554,1.67582550486801,0.9090387937680968,0.9090387937680968,0.7713512767191172,0.21903887875510536,0.798546037213968,0.7679177971266444,21.005550295027493,76.57955082187407
69,US-Ro5,108,1.0876402814470505,1.099244257704014,1.4564814814814815,1.8918058992405968,0.7430542025102177,0.7430542025102177,0.6257533831824273,0.36884120003443116,1.1519550368167506,1.0913095692811654,33.91205772038036,105.91323771901244
70,US-Ro6,144,1.4522075088496276,1.30978063935383,1.3788194444444446,1.8519936324739796,0.5492195172476197,0.5492195172476197,0.5464913651057484,-0.0733880644051832,1.2428509313734655,1.2406823242146845,-5.053552192642074,85.5835632166642
71,US-Rpf,144,0.7586652779685652,0.9019974284935829,0.8333333333333334,1.2965257502182603,0.8806988459819318,0.8806988459819318,0.8184303507663921,0.07466805536476812,0.5505408469731699,0.545453852946314,9.842028827878154,72.56702830098166
72,US-Rwf,108,1.3396381563985573,1.3382126854087864,0.7435185185185185,0.8595013929678491,0.8765185020312055,0.8765185020312055,0.0056751722727633735,-0.5961196378800385,0.853081920121195,0.610237773143745,-44.498556198386325,63.68002553873164
73,US-Rws,108,0.8018222992757946,0.6569122879222093,0.5074074074074074,0.4461054113945029,0.3812716557255179,0.3812716557255179,-0.7895130348774684,-0.2944148918683872,0.5939979355339009,0.5159005900991607,-36.71822199685673,74.08099476285449
74,US-Seg,144,0.515249369395671,0.44052159576807676,0.40937500000000004,0.43047050003293075,0.38486338917798296,0.38486338917798296,0.1615595400691916,-0.10587436939567098,0.39279529878160213,0.3782575374662045,-20.548180295659478,76.23401834383735
75,US-Ses,144,0.4973942767432281,0.3811054051205259,0.3020833333333333,0.3100797889648334,0.38160521911183864,0.38160521911183864,-0.39161410137864605,-0.19531094340989485,0.36451855743743833,0.3077781897740772,-39.26682564357713,73.28563565793003
76,US-Sne,108,3.3080040041739847,2.005253696997878,2.3743055555555554,1.3852125344423953,0.8714785148297978,0.8714785148297978,0.1486102070319799,-0.9336984486184292,1.2722153856347687,0.8641407260934771,-28.22543284229112,38.45870150185757
77,US-Snf,74,2.1095945390450788,1.2068807402842041,2.102702702702703,1.1202950899141466,0.7612383631005933,0.7612383631005933,0.7192575729641415,-0.006891836342375692,0.5895654539500933,0.5895251708648321,-0.3266900920920721,27.94686102178496
78,US-SRG,144,1.236742943455164,0.9333086325711817,1.5723958333333334,0.9698952738416041,0.5187703511624363,0.5187703511624363,0.339593537118803,0.33565288987816944,0.785447701476289,0.7101163491082423,27.140069135178205,63.5093740079839
79,US-SRS,36,1.2127390235487945,0.8665893972169306,1.3340277777777778,0.7530687878317287,0.5558605084007489,0.5558605084007489,0.3650056042093126,0.1212887542289838,0.5917010853777924,0.5791366095618881,10.00122465541357,48.79047131231243
80,US-Syv,144,1.3524921946632034,1.2253967956926834,1.3465277777777778,1.671131403287954,0.7817514907514203,0.7817514907514203,0.7589698559534895,-0.005964416885425594,0.8175852602523033,0.8175635042692667,-0.4409945513150151,60.45027568206393
81,US-Ton,144,1.050426038427879,0.8600719384963833,1.6927083333333333,1.0881147285959383,0.31550072538611473,0.31550072538611473,-0.0876724852826054,0.6422822949054543,1.130864400595657,0.9307672889533437,61.14493276144665,107.6576892827377
82,US-Tw1,108,2.432531287821893,1.9342937225137464,2.4444444444444446,1.625315689440879,0.8185678207104644,0.8185678207104644,0.7370855368973149,0.011913156622552015,0.8295164017257579,0.8294308515068243,0.4897432021612,34.10095507830089
83,US-Tw3,16,2.1397138939369205,1.2074906948705684,2.4453125000000004,1.2580480498905173,0.8808506204552317,0.8808506204552317,0.8174564461250461,0.30559860606307987,0.5204345469920076,0.42126192526156314,14.282218147436538,24.32262315381078
84,US-Tw4,129,2.5520807899003324,1.9937463598380114,2.451162790697675,1.6804420121220045,0.8917938341947294,0.8917938341947294,0.8295499737258524,-0.1009179992026577,0.69108616141455,0.6836780235868561,-3.9543418688794296,27.079321475615956
85,US-Tw5,60,3.139745274311243,2.0002895618616443,2.694166666666667,1.7205165677455725,0.8857910313455254,0.8857910313455254,0.7685458781099634,-0.4455786076445764,0.8208082243662247,0.6893372509858692,-14.19155277627806,26.142510065447365
86,US-UMB,144,1.1740071311705453,1.2703637212135295,1.328125,1.6200094831588103,0.9542475201385214,0.9542475201385214,0.9080061059920442,0.15411786882945458,0.48964782614439606,0.46476088062077664,13.127507042976065,41.7073979487835
87,US-UMd,144,1.0848860621996042,1.1608976842556957,1.324826388888889,1.6009626052330843,0.926639181246355,0.926639181246355,0.8476158843171347,0.23994032668928472,0.622784521428017,0.5747079256096643,22.1166383318453,57.405523319686004
88,US-Var,144,0.850572381235859,0.8856635285414018,1.5177083333333334,0.9871635702028638,0.2259621095266925,0.2259621095266925,-0.4118888492675754,0.6671359520974744,1.1688967384411606,0.9598172776926759,78.43376611031546,137.42472295453385
89,US-Vcm,144,1.2202601419622758,0.8122179041489398,0.9505208333333334,1.0584015720296458,0.7598879744241214,0.7598879744241214,0.6836008928754427,-0.2697393086289425,0.5932733956171604,0.528407065932597,-22.105065907928466,48.618599855529936
90,US-Vcp,144,1.3544071299740261,0.8728161689814701,1.9548611111111112,1.610274261533792,0.45653464282174905,0.45653464282174905,0.29865517960392984,0.6004539811370853,1.3438550291829738,1.2022484585130462,44.33334466783266,99.22090628751677
91,US-Whs,108,0.7565419341678005,0.4616115789617443,0.888425925925926,0.547150924927179,0.2070080191112775,0.2070080191112775,-0.0027083978896853544,0.13188399175812554,0.5453489420204063,0.5291616778270315,17.432476086497246,72.08443014071554
92,US-Wjs,144,0.8257318653317254,0.5936041271273577,0.4739583333333333,0.6029637973453225,0.5253039405731473,0.5253039405731473,0.11511619022123276,-0.35177353199839206,0.5652247033954655,0.44241874679297677,-42.60142387227266,68.45136140754299
93,US-Wkg,144,0.8498538176772541,0.6959788572065693,1.2152777777777777,0.9132958791428788,0.6310097087752325,0.6310097087752325,0.468753768981064,0.36542396010052364,0.6633552975036157,0.553629461021143,42.998448968467116,78.05522358146723
94,US-xAB,51,1.2951165990652844,0.8368422104943547,1.9264705882352942,1.7492384897770938,0.8816272239479204,0.8816272239479204,0.5366478548454423,0.6313539891700098,1.1789748152730308,0.9956775358554555,48.74881455659457,91.03232991716145
95,US-xAE,107,1.4276789175630606,1.0728847241552106,1.2121495327102805,0.9664438587657361,0.8151840916923274,0.8151840916923274,0.7220229797869198,-0.21552938485278036,0.5071566472101003,0.45908054747982113,-15.096488587270914,35.523158671823644
96,US-xBA,108,0.19489590933914855,0.3342054843582594,0.07407407407407407,0.1683456448619754,0.26512876344626324,0.26512876344626324,-2.416642460379166,-0.12082183526507448,0.30972885252469373,0.2851912449733383,-61.9930072800174,158.9201402815071
97,US-xBL,88,1.4728202857194128,1.0007867087723292,2.3193181818181823,1.9037082961701357,0.8225613609549706,0.8225613609549706,0.47721861053486925,0.8464978960987689,1.368606984740796,1.0754191697108861,57.474622281243846,92.92423508902766
98,US-xBN,108,0.6565491123160255,0.6922408302385645,0.8981481481481481,1.3355303809377579,0.7325340155370315,0.7325340155370315,0.5855592302765606,0.2415990358321226,0.8557856873307461,0.820974450592189,36.79831886145793,130.3460276279864
99,US-xBR,144,1.438228610093012,1.2135593048045936,1.4604166666666667,1.6898594616121183,0.9226253313534997,0.9226253313534997,0.8636979751578021,0.02218805657365493,0.621710946622695,0.6213148890023253,1.5427350296014484,43.22754687674362
100,US-xCL,123,2.020911543699647,1.4560494002998756,2.493292682926829,1.8289819381360737,0.9289418791637505,0.9289418791637505,0.833559564232361,0.4723811392271825,0.7431324030169261,0.5736739733647851,23.37465688193372,36.772139054462855
101,US-xCP,144,0.7678060347572047,0.659622751489728,0.48923611111111115,0.6304389411727422,0.5862919155461189,0.5862919155461189,0.31094731966040257,-0.27856992364609356,0.5215020462763986,0.4408663991622412,-36.28128863745944,67.92106634604765
102,US-xDC,144,1.1589207033505613,1.2325205162239912,0.8611111111111112,1.3620537306546918,0.7754338568471759,0.7754338568471759,0.7267017880895159,-0.29780959223945036,0.7095768005526844,0.6440564281588659,-25.697150061988847,61.22738151982473
103,US-xDJ,108,0.7519539378943227,0.6752077405988424,0.6856481481481482,0.9318307005473262,0.7812179492342435,0.7812179492342435,0.7507430336378562,-0.06630578974617464,0.46306363695248765,0.45829190928250235,-8.817799389660626,61.581383329036456
104,US-xDL,144,2.5089376369525045,1.658776964853547,2.744444444444445,1.8495426680150093,0.8961972542247888,0.8961972542247888,0.8773883813170655,0.23550680749193986,0.6453821364057111,0.6008782286092201,9.386714281906167,25.72332316675787
105,US-xDS,111,1.8265842083485133,0.9351344191024941,2.5033783783783785,0.9252916400598352,0.6804505195965276,0.6804505195965276,0.10608364761375755,0.6767941700298652,0.8708872501502185,0.548082342251413,37.052448331510625,47.678461588016354
106,US-xGR,114,1.8181499204376135,1.380012861022301,2.3182017543859645,1.8758015545918725,0.8945980897049268,0.8945980897049268,0.7787454598898478,0.5000518339483515,0.8784555339608149,0.7222411567553256,27.50333337902043,48.315902010400656
107,US-xHA,144,1.4420087034817566,1.2675021711416115,1.8713541666666669,1.9762244340026132,0.926214065758263,0.926214065758263,0.7756273255671271,0.42934546318491035,0.9328418457362646,0.8281644657911711,29.77412425793602,64.69044489703154
108,US-xHE,123,0.6603827316606516,0.6204269524747331,0.6658536585365854,0.9367347603220033,0.843327315088169,0.843327315088169,0.7777573525847369,0.00547092687593368,0.43980250317899156,0.43976847404245006,0.8284479005342925,66.59812289049847
109,US-xJE,144,2.265687386233272,1.0806711597591336,2.6909722222222223,1.4980862241164006,0.7656236390436773,0.7656236390436773,0.6608665200355707,0.4252848359889508,0.8693785410840558,0.7582557985108274,18.77067589169886,38.3715134915151
110,US-xJR,108,0.7048867887688313,0.5929717454409708,0.5305555555555556,0.4974741496751521,0.5806300807388315,0.5806300807388315,0.2718015727723464,-0.1743312332132756,0.42254736496502415,0.38490894607065695,-24.731806013525357,59.94542268313093
111,US-xKA,144,1.501661467374496,1.0760446447054521,1.7788194444444443,1.6864285498902711,0.6861088496387203,0.6861088496387203,0.6227131079093562,0.2771579770699485,1.0322635135709815,0.9943598026853265,18.45675494054804,68.74142647981708
112,US-xKZ,144,1.4468272238392703,1.3181065466252653,1.7298611111111113,1.8282488033275686,0.9349335288469612,0.9349335288469612,0.8503065163447361,0.2830338872718409,0.7048935200512922,0.6455746999891588,19.562383303846616,48.71995138305468
113,US-xMB,108,0.7152006957236033,0.3646527846654737,0.04027777777777777,0.08686070418471277,0.06551453857277058,0.06551453857277058,-76.41511413178769,-0.6749229179458256,0.7607049393468384,0.3509288525872009,-94.36832514025636,106.3624439818527
114,US-xML,103,1.2545436338551437,0.9123463636629419,1.9334951456310683,1.778085392829009,0.8961481136989926,0.8961481136989926,0.5609524687189217,0.6789515117759247,1.1724379231170876,0.9558428365690128,54.11940194455764,93.45533239957946
115,US-xNG,144,1.0438863023256104,1.1143389218860547,0.5197916666666668,0.8584466934670294,0.7364548792296772,0.7364548792296772,0.16759189291437493,-0.5240946356589438,0.7804916398008119,0.5783528444405538,-50.206103336287235,74.76787827007618
116,US-xNQ,144,0.5710251909324675,0.5021152507465955,0.09965277777777778,0.16813420045564628,0.34956975696902065,0.34956975696902065,-13.302030010965915,-0.4713724131546897,0.6336386765045858,0.4234454161745143,-82.54844455897862,110.9651004134988
117,US-xRM,144,1.4535523230065555,0.8492637494083902,1.1770833333333333,1.2333205363791464,0.6444778944953087,0.6444778944953087,0.5808355615882576,-0.276468989673222,0.7957102472152201,0.7461365124910954,-19.02022963310796,54.74245643729961
118,US-xSB,92,1.849146067522917,0.8001546708739787,2.4679347826086953,0.973793463720961,0.7166119668623138,0.7166119668623138,0.30777186413349744,0.6187887150857788,0.8057832981725171,0.5161271642689137,33.463484900070505,43.575967973797226
119,US-xSC,56,1.867668531431434,1.2289623054077043,2.7125,2.2559869841661926,0.840150628801815,0.840150628801815,0.5590964215028219,0.8448314685685663,1.4845530882486586,1.2207201405502033,45.23455068984128,79.48696801733094
120,US-xSE,133,1.9253453022942515,1.324846299486561,2.415037593984963,2.0245274884788027,0.761659259886063,0.761659259886063,0.6550408400290528,0.4896922916907111,1.1845916411396435,1.0786374811384098,25.433998312260726,61.52619167730993
121,US-xSJ,101,0.859201474261012,0.5533487948778664,1.7782178217821785,1.015835022077506,0.2822774677987299,0.2822774677987299,-0.5445524137745616,0.9190163475211663,1.2562145518293522,0.8564367771275795,106.96168186997123,146.20721559047672
122,US-xSL,108,0.8932373384369408,0.7691092519547437,0.4462962962962964,0.7028215399342139,0.37523199593504697,0.37523199593504697,-0.26503431509755804,-0.4469410421406445,0.7868215160658535,0.647558339452441,-50.03609039930398,88.08650088930426
123,US-xSR,144,0.8064166518021028,0.5520249072722143,0.8322916666666667,0.5419376899517229,0.45465345822511105,0.45465345822511105,0.3337924843743513,0.02587501486456402,0.44079929611790947,0.44003920628030757,3.208640943455348,54.66148239038137
124,US-xST,144,1.2650117101686333,1.3540294686702445,1.4829861111111111,1.7915391007332506,0.9542871582501964,0.9542871582501964,0.8905017507957705,0.21797440094247789,0.5907675762845263,0.5490842282590727,17.231018431712435,46.70056186323947
125,US-xTA,144,2.072393112962276,1.134228300899134,2.652256944444444,1.638439351011945,0.8783931953825813,0.8783931953825813,0.6922555583253862,0.5798638314821686,0.9057581521936386,0.6958130260379247,27.980397534390182,43.705904373468464
126,US-xTR,144,1.2134895158998467,1.2626943381934828,1.5166666666666666,1.8235828869164528,0.9494029280602433,0.9494029280602433,0.8420746514131705,0.30317715076682006,0.7221679372776196,0.6554465232837265,24.98391183396448,59.511675034300225
127,US-xUK,144,1.6857978551443413,1.485309377889403,2.1145833333333335,2.032361651163218,0.9041367226896175,0.9041367226896175,0.8108993601386765,0.4287854781889921,0.8807127090553377,0.7692840110036275,25.435165721709772,52.24307922612283
128,US-xUN,144,1.1473340325812496,1.2195536478245301,1.3656249999999999,1.7276188061926423,0.9646442961980435,0.9646442961980435,0.8722549238173237,0.21829096741875084,0.6153281455331006,0.5753066836293408,19.025929783294593,53.63112468203766
129,US-xWD,108,0.8920712642460985,0.9753004466116519,0.6601851851851853,1.124987211957624,0.6932908565784234,0.6932908565784234,0.6492302931416234,-0.2318860790609133,0.6631910196302454,0.6213301657379597,-25.99412046490292,74.34282957098915
130,US-xYE,109,1.01360464225768,0.8998088476539254,0.3972477064220184,0.524132213246127,0.7113632713847505,0.7113632713847505,-1.4470312825755665,-0.6163569358356618,0.8161298110761942,0.5349504614209979,-60.80841682638728,80.5175683941586
131,AU-ASM,180,0.48155863859759257,0.7334851677516804,1.37,0.680999101714762,0.11079983424243692,0.11079983424243692,-2.1545705333450216,0.8884413614024074,1.206165558206322,0.8157863085101424,184.49287172788533,250.47117038933166
132,AU-Boy,180,0.9948265286031911,0.3768909695006888,1.4480555555555554,0.7210010864962272,0.0666703439670554,0.0666703439670554,-0.4006631302593804,0.45322902695236444,0.8509284233490246,0.7201823594000826,45.558598803022576,85.53535705805815
133,AU-Cpr,180,0.5147106374971924,0.2550783697607305,0.26166666666666666,0.1456635750452805,0.0003657828624576088,0.0003657828624576088,-6.034190205584395,-0.2530439708305257,0.38525499781032135,0.2904998488194973,-49.16237442866255,74.84885093567216
134,AU-Cum,180,1.9384241777840445,0.7085189969497809,1.938472222222222,0.8866458195243185,0.3551536507603873,0.3551536507603873,0.31388263945922723,4.804443817765976e-05,0.7323853320057909,0.7323853304299346,0.0024785306914910077,37.782511196441774
135,AU-DaS,180,2.4321920893625233,1.1457359974855643,2.75875,1.0560661264370814,0.06181871321393378,0.06181871321393378,-0.7336900888761819,0.3265579106374769,1.386650807518837,1.3476499519507017,13.426485188637697,57.0123886835878
136,AU-Dry,180,1.9826964809449596,1.1991641022340975,2.2638888888888893,1.119644990068936,0.01186304847774097,0.01186304847774097,-0.9772070475201184,0.28119240794392913,1.569989250940657,1.5446025630510587,14.182322440493358,79.1845482164973
137,AU-GWW,180,0.6402470097365491,0.3973046340786784,0.6644444444444444,0.3126852027238943,0.007651961841293302,0.007651961841293302,-1.3982052522004187,0.024197434707895284,0.4828817225576711,0.4822750689532072,3.7793905070875877,75.42116014823229
138,AU-Lit,180,2.9968493438614714,0.793618570197083,2.625555555555555,1.0576733304718,0.2412574627723583,0.2412574627723583,0.050168493578182205,-0.37129378830591625,1.027933695052182,0.9585346129321954,-12.38947126476169,34.30047950717732
139,AU-Lon,132,0.7940679535103794,0.757348725188934,2.7606060606060603,1.1021670240805705,0.0005302496233205189,0.0005302496233205189,-3.711653291296307,1.9665381070956809,2.383322198104895,1.346459272804076,247.65362944091862,300.1408365076078
140,AU-Rgf,180,0.7918110042491528,0.4984882516991989,0.8344444444444445,0.579859569034922,0.1836028315240981,0.1836028315240981,-0.0077507129374350114,0.042633440195291736,0.5804831909618162,0.5789154729028468,5.384294985356962,73.3108264278631
141,AU-Stp,180,0.8369941482870502,0.8304228108126896,0.7358333333333332,0.8307132460763488,0.22025430663408177,0.22025430663408177,-0.07591606796467754,-0.10116081495371672,0.8592718712984244,0.8532963367568128,-12.086203369611043,102.66163426076116
142,AU-War,144,1.6605930195682128,0.8163967084919261,1.5815972222222223,1.035438431644536,0.6348045058757449,0.6348045058757449,0.6288745725741267,-0.07899579734599041,0.6285957037463658,0.6236122375082611,-4.757083548775298,37.853688190849624
143,AU-Whr,99,1.364668425007927,0.48372023132503944,1.5025252525252528,1.012759761019106,0.45450925808071596,0.45450925808071596,0.39716075099604164,0.13785682751732542,0.7823527946309663,0.7701112844087803,10.101855145987177,57.32914899283478
144,AU-Wom,122,2.5747010776011434,1.1949114046645906,2.0504098360655743,1.5147551953106595,0.809811064729177,0.809811064729177,0.676688540122909,-0.5242912415355698,0.857759960399578,0.6788746892569912,-20.363188802641645,33.31493383296967
145,BE-Lon,216,0.9209194829872602,0.8129713033002612,1.112037037037037,1.121655138527288,0.8225909249274157,0.8225909249274157,0.7602369382165339,0.1911175540497767,0.5479524115638656,0.5135425258658591,20.752905935905865,59.50057759516918
146,DE-Hte,36,1.5573378220586274,1.2700002063808895,1.5125,1.7463380052473885,0.9228780636785153,0.9228780636785153,0.8677107991121753,-0.044837822058627144,0.6262868224263423,0.6246797208633585,-2.8791326726629247,40.215219431225314
147,FR-EM2,36,1.2398346559382558,1.1150845630801909,1.025,1.0087828592630117,0.8477733477324464,0.8477733477324464,0.7670354862996855,-0.214834655938256,0.4800929761434223,0.4293429123091934,-17.32768598694138,38.72233880896866
148,NL-Loo,36,1.7572868209692023,0.7118559966656879,1.3263888888888888,1.275062245601653,0.126823764983983,0.126823764983983,-0.031516357615777535,-0.43089793208031335,1.2768862725194634,1.2019839953500044,-24.520637549802984,72.66237117827004
149,SE-Lnn,36,0.6452448424561337,0.7417485390663151,0.9847222222222223,1.368148876842849,0.9200044962880044,0.9200044962880044,0.6827769079201587,0.33947737976608866,0.7597986666006527,0.6797419527992079,52.61218028087806,117.75354355541506
150,BE-Bra,108,1.1191126198972583,0.8984067250218161,1.3645833333333333,1.2535516132957036,0.9230874771576257,0.9230874771576257,0.8248058996595212,0.24547071343607507,0.5222542343560134,0.4609702963835848,21.934406696138485,46.666816642989836
151,BE-Dor,36,0.8547761772761411,0.8274149238412966,1.2812500000000002,1.158375941319817,0.8115119712667275,0.8115119712667275,0.6372923411608467,0.42647382272385914,0.687876802439183,0.5397171239318362,49.893040314117684,80.47449387641976
152,BE-Lcr,72,1.1729146815370193,1.1355715347747777,1.240277777777778,1.154618371465035,0.8040721469146757,0.8040721469146757,0.7930856064211098,0.06736309624075866,0.521550950008948,0.5171823727855527,5.743222188376415,44.46623085367927
153,BE-Maa,108,0.787763576341241,0.6266039448882409,1.117361111111111,1.0197091527639286,0.9009454529018411,0.9009454529018411,0.6834768540596892,0.32959753476987014,0.5710301842639177,0.466305625544136,41.839651472676884,72.48750785306183
154,BE-Vie,108,1.144517927707277,0.9345551919213858,1.3027777777777776,1.3172797184720562,0.9166163738022157,0.9166163738022157,0.8405720737871873,0.15825985007050103,0.5235283624858437,0.49903483463859666,13.827642734048787,45.74225967212126
155,CH-Aws,36,1.126602466759035,1.059887340742635,1.029166666666667,1.113191999868589,0.9062671156531177,0.9062671156531177,0.898387003165307,-0.09743580009236853,0.34988673552585015,0.3360461167121206,-8.64864075548032,31.05680538161702
156,CH-Cha,108,1.851376970876768,1.180413407582039,1.5509259259259258,1.3743644492351963,0.9314691437919018,0.9314691437919018,0.8719433474304806,-0.3004510449508417,0.48953415302608244,0.38648784789034596,-16.228517999149314,26.44162484068551
157,CH-Dav,108,1.2834885370569367,0.6355439016021991,0.9203703703703704,0.9950117887113845,0.6574821805389329,0.6574821805389329,0.4934311224398974,-0.3631181666865662,0.7048999656727034,0.6041764300496715,-28.291500562926956,54.92062806334463
158,CH-Fru,108,1.6702352531287983,1.1387933651207804,1.3282407407407406,1.3832868068843778,0.8873648570373913,0.8873648570373913,0.8115680740879068,-0.3419945123880574,0.597681054238328,0.49016568228701396,-20.475828883829987,35.78424375360963
159,CH-Lae,108,1.735127282884156,1.2945010856154702,1.526388888888889,1.5706338135682643,0.9113560243311115,0.9113560243311115,0.876508683966596,-0.20873839399526692,0.5493804028894543,0.5081801943713037,-12.03014879970642,31.6622537325484
160,CH-Oe2,108,1.410140139217481,1.1949829964362213,1.4875,1.3278315714890165,0.8111032807851726,0.8111032807851726,0.8076768583517703,0.07735986078251908,0.5796138760193459,0.5744281479992766,5.485969701241738,41.103281858283026
161,CZ-BK1,108,1.338438537660293,1.0321377112212862,1.4020833333333333,1.390072970080899,0.9027339324995962,0.9027339324995962,0.8575132454559992,0.06364479567304064,0.5222817576088198,0.5183894041304229,4.7551526560418145,39.02172142486376
162,CZ-KrP,108,1.2023819620828364,0.9807272402132936,1.4574074074074077,1.4212105675542226,0.8794252095726728,0.8794252095726728,0.7855634465874273,0.25502544532457094,0.6550702076328258,0.6033895915286553,21.21001922573763,54.48104082483695
163,CZ-Lnz,108,1.5696833303454136,1.396706362058465,2.128703703703704,2.1141733952145176,0.9574205581701615,0.9574205581701615,0.785829762966208,0.5590203733582905,0.9738681735459295,0.7974430648115526,35.61357648075911,62.042333935700704
164,CZ-RAJ,108,1.019956433320239,0.7233268810665271,1.3800925925925926,1.3592180925525486,0.7671856752838694,0.7671856752838694,0.5781781286956367,0.3601361592723535,0.8786859959427072,0.8014929982541241,35.30897472748038,86.1493655255786
165,CZ-Stn,108,1.260692067039623,1.2137286202825892,1.5694444444444444,1.6241436756419443,0.9470938724333531,0.9470938724333531,0.8595940237872304,0.30875237740482153,0.6057553425352062,0.521163606228232,24.490705183053837,48.04942922799938
166,CZ-wet,108,1.2621459430151971,1.0936151050943936,1.3689814814814818,1.4296218307976107,0.9681726106322492,0.9681726106322492,0.9145794463249135,0.10683553846628466,0.4158937304860277,0.4019375110364839,8.464594689506384,32.95131856879249
167,DE-Akm,65,1.6958847668054917,1.14578596486896,1.2769230769230768,1.2749717191433638,0.9376913339442433,0.9376913339442433,0.8231693104714793,-0.4189616898824147,0.5320012839328536,0.3278665407098994,-24.70460836036669,31.37013164726841
168,DE-Geb,108,0.9122720285413977,0.8329789594208926,1.0671296296296295,1.2253964080536919,0.8255199626244706,0.8255199626244706,0.75704257572653,0.15485760108823202,0.6012037785307646,0.5809174697879783,16.974936887611126,65.90180995596346
169,DE-Gri,108,1.178953048270572,0.9351785417521378,1.3875,1.3318461819356047,0.87472544462612,0.87472544462612,0.795641633812477,0.20854695172942822,0.5992807010202535,0.561823395329609,17.68916514829404,50.83160028292471
170,DE-Hai,108,0.810019168954759,0.7828289631985914,1.5175925925925926,1.6074202181450963,0.7981620234452882,0.7981620234452882,0.43742963897146336,0.7075734236378337,1.2000459111170092,0.9692523092312381,87.35267642503814,148.15031015445436
171,DE-HoH,108,1.4936123598556998,1.1219597222673228,1.651388888888889,1.6645346566091557,0.9172295703382972,0.9172295703382972,0.8276849712422782,0.157776529033189,0.6877560689052057,0.669413905743062,10.563418814265304,46.04649019988364
172,DE-Hzd,108,1.3416545673978972,1.015307181556478,1.6129629629629632,1.6089174739146115,0.8308777109603626,0.8308777109603626,0.7235103301096264,0.2713083955650657,0.8420797709207338,0.7971763262226402,20.221926131944752,62.76427564763743
173,DE-Kli,108,1.1328305089178807,1.0602232417319637,1.2324074074074076,1.3862359918106821,0.7073953491709657,0.7073953491709657,0.6963736977594197,0.09957689848952661,0.7603033024507238,0.7537543054634469,8.790096815510905,67.11536248939764
174,DE-Obe,108,0.8175204640461101,0.7279442238015325,1.2574074074074075,1.2624670776648428,0.7104249149707017,0.7104249149707017,0.5169880011564776,0.4398869433612973,0.873331313872994,0.7544581239879287,53.80745347757884,106.82684437655081
175,DE-RuR,108,1.5097658641511937,1.0638259090126994,1.3636574074074075,1.2631013616324311,0.959053200325736,0.959053200325736,0.9267568232526495,-0.14610845674378614,0.34025287278022615,0.3072854313226482,-9.67755730958521,22.536797318007977
176,DE-RuS,108,1.4062721148093176,1.0493126420809211,1.1578703703703703,1.0468279196312487,0.7483328457552892,0.7483328457552892,0.6726457206415616,-0.24840174443894728,0.5961620402063298,0.54194626259682,-17.663846265815284,42.39307840411569
177,DE-RuW,108,1.777334014467945,0.7910704462091319,1.3298611111111114,1.323403015440594,0.27967536160725615,0.27967536160725615,0.1595309966677534,-0.44747290335683365,1.207627464926767,1.1216648763364467,-25.1766353265223,67.94600537076185
178,DE-Tha,108,0.872399810502313,0.7684622568142039,1.5518518518518518,1.5037169823120755,0.646308828349669,0.646308828349669,0.35444834248824364,0.679452041349539,1.2025734623108904,0.9922337707215707,77.88310281249626,137.84659829516343
179,DK-Gds,16,1.5093729969395175,0.7496200880292886,0.9375,1.1457893930968874,0.6366126960636391,0.6366126960636391,0.35026354930924963,-0.5718729969395175,0.8942502116028406,0.6874916118202024,-37.888116330362124,59.24646945559967
180,DK-Sor,108,1.199337838694801,1.207146205193574,1.1930555555555555,1.3317379961323772,0.8383101268347803,0.8383101268347803,0.8382039693195014,-0.006282283139245492,0.533190905849059,0.533153894291975,-0.5238126353190266,44.45710696740067
181,ES-Abr,108,0.830114869935271,0.5541015063113498,1.3009259259259263,0.7991447379660086,0.26863451207952216,0.26863451207952216,-0.11234855827900314,0.47081105599065487,0.8389303446290718,0.6943637898799284,56.71637420823058,101.06195841239277
182,ES-Agu,108,0.55078296697067,0.3689456936184861,0.7493055555555556,0.35511052533329984,0.17320569798873836,0.17320569798873836,-0.5301011990227391,0.19852258858488558,0.4372236380920134,0.3895552483640441,36.043705141567536,79.38220030600478
183,ES-Cnd,108,1.125312081336846,0.6512450554333085,1.423148148148148,0.8174048838868938,0.5071135923697311,0.5071135923697311,0.3659510942323676,0.29783606681130226,0.6478561980547872,0.5753358416302407,26.46697496195718,57.571247016662994
184,ES-LJu,108,0.6099063315441766,0.35624459580615403,1.2175925925925928,0.7063898878023929,0.2006042363176861,0.2006042363176861,-0.5495614841454757,0.6076862610484162,0.8752434939674054,0.6298956912579002,99.6359981228364,143.50457581764095
185,ES-LM1,108,1.3368941920882291,0.8492185785729632,1.6495370370370368,1.0688996737926952,0.44572693856286477,0.44572693856286477,0.34328552108005295,0.3126428449488079,0.8621945064583788,0.8035134214618466,23.385758334431813,64.49235186754987
186,ES-LM2,108,1.2198240020827706,0.8051762400126498,1.6111111111111114,1.054038369669341,0.41148963803796185,0.41148963803796185,0.25740536211435994,0.39128710902834063,0.9040913959267352,0.8150310733321742,32.077341350903346,74.11654422138419
187,FI-Hyy,108,0.8746993029698784,0.9276282276829965,1.0092592592592593,1.4050999922536545,0.8997283176448609,0.8997283176448609,0.8073238733477646,0.13455995628938094,0.6139050360747801,0.5989766368410181,15.383567339371107,70.18469478486836
188,FI-Ken,108,0.7511271465051165,0.8099678998024187,0.5925925925925926,0.9577723085811187,0.8256986928015039,0.8256986928015039,0.7940752683146082,-0.15853455391252388,0.43260998780797955,0.4025148404307315,-21.106220784345464,57.59477470902894
189,FI-Let,108,1.043605220340507,1.1256419229839767,1.011111111111111,1.3390667229356126,0.7412388920196139,0.7412388920196139,0.7402310034426306,-0.03249410922939596,0.6793223245470479,0.678544732124119,-3.113639966154423,65.09380283910413
190,FI-Qvd,96,1.0575354738827458,0.9976611754647428,1.0768229166666667,1.2384691568714705,0.8677455299752797,0.8677455299752797,0.8516323437713444,0.019287442783920878,0.47454893108707497,0.47415681219058997,1.8238104782534579,44.87309814249224
191,FI-Sii,108,0.8812917786230073,1.0886617986299598,0.7157407407407407,1.0035369261083513,0.8882796565688568,0.8882796565688568,0.8405506416584125,-0.16555103788226647,0.39886392302863266,0.3628846689375225,-18.78504280851628,45.25900873055299
192,FI-Var,108,0.4460912133751441,0.5256976815674822,0.5148148148148148,0.8429132631085262,0.8714673718145184,0.8714673718145184,0.7687468355483349,0.06872360143967075,0.40346581234702583,0.39756977794848375,15.4057285548633,90.44468939309233
193,FR-Aur,108,0.9132285687967552,0.7846079875683939,1.5986111111111114,1.2156583219651977,0.8012593118208916,0.8012593118208916,0.4180669457291054,0.6853825423143561,0.9230560042957142,0.6182905124268684,75.05049291410116,101.07612002457473
194,FR-Bil,108,1.7672584557721638,1.2172548291692595,1.432870370370371,1.0125188826446705,0.6361265116684743,0.6361265116684743,0.36231492747501104,-0.33438808540179366,0.8047968496460783,0.7320400108884588,-18.921289317339287,45.53928413908425
195,FR-FBn,108,1.388601225339765,0.6203437392073101,1.6000000000000003,1.0012142161106463,0.09816622018221145,0.09816622018221145,-0.0406368534795174,0.21139877466023507,1.0166152487189528,0.9943928408833451,15.223864908264767,73.21146130129662
196,FR-Fon,108,1.8854558825126364,1.1905815107988962,1.864814814814815,1.7304483139507822,0.8309555546788945,0.8309555546788945,0.7808380010046615,-0.020641067697821685,0.8063456913468332,0.8060814600757769,-1.0947520909539683,42.76661675436625
197,FR-Gri,84,0.9516624832049022,0.925986384739006,0.9526785714285715,0.9022480112209456,0.7120158129721035,0.7120158129721035,0.6787082945129204,0.0010160882236692492,0.5083643573775212,0.5083633419283711,0.10676980984344168,53.418556089918425
198,FR-Hes,108,1.4190122911071201,1.3195470076023637,1.8722222222222225,1.877315807674497,0.8713938327880179,0.8713938327880179,0.7593947048849845,0.45320993111510216,0.9165790755964669,0.796691885335804,31.93840771890042,64.59275098183593
199,FR-Lam,108,1.1488231741141308,0.7985826484254728,1.535648148148148,1.38447754790417,0.6468788329090084,0.6468788329090084,0.5163386736812879,0.3868249740340175,0.9583775007978649,0.8768431293561828,33.67141112315236,83.42254251067659
200,FR-LGt,108,1.0557961083483423,1.015576372208479,1.7611111111111113,1.4396315295275972,0.7918371475354845,0.7918371475354845,0.5155577717504792,0.7053150027627689,0.997360943339636,0.7051663620572692,66.8040919251108,94.4652983140731
201,FR-Tou,108,1.3916896032471655,0.901414069368891,1.2407407407407407,0.8611323817424514,0.5940146987371946,0.5940146987371946,0.4867946932581888,-0.1509488625064248,0.6140383569837451,0.5951953836811184,-10.846446086413433,44.12178948172333
202,GF-Guy,108,2.6647928654133173,0.4341756212329932,3.526388888888889,0.45709404814255894,0.21432969255029483,0.21432969255029483,-3.608959002296082,0.861596023475572,0.9767580517318769,0.4601180108995226,32.33257018428469,36.65418293516704
203,GL-Dsk,36,0.3556938932235992,0.4285648955333507,0.036111111111111115,0.10994226479066906,0.5373388425111416,0.5373388425111416,-18.171285595851657,-0.3195827821124881,0.4746495455265227,0.3509402177661838,-89.84770000298806,133.44326528207912
204,IE-Cra,36,0.7397070396823747,0.5872319487190792,0.8263888888888888,0.7122886765421438,0.8830684011125249,0.8830684011125249,0.8545444342171206,0.08668184920651417,0.2678576066737971,0.2534441841336149,11.718402631903405,36.2113096542671
205,IL-Yat,108,0.8024532025487529,0.4644697922130265,1.740740740740741,0.6034227973348134,0.00876106134150157,0.00876106134150157,-2.888825378487445,0.9382875381919881,1.184434219353127,0.7228422481069231,116.92738407819895,147.6016564693275
206,IT-BCi,108,1.989373434936302,1.0860372956483806,1.4412037037037038,0.7813787450166048,0.43952567949233196,0.43952567949233196,-0.5856638409778039,-0.5481697312325982,0.9793708328014787,0.8115892889279919,-27.55489349590868,49.230115150946375
207,IT-BFt,72,1.6047139669833024,1.0290452771038205,2.158333333333333,1.815562614076916,0.9334602333287616,0.9334602333287616,0.6796751191360322,0.5536193663500311,1.0203977539624678,0.8571564463351127,34.49956676022323,63.58751621516144
208,IT-Cp2,108,1.1610186356305259,0.6997360041205885,2.3002314814814815,1.2987300382568665,0.3966717959967161,0.3966717959967161,-0.38824145414527056,1.1392128458509558,1.5231104607074857,1.0109696174290972,98.1218398128702,131.18742576257745
209,IT-Lav,108,1.731369486914203,1.010285485777861,1.375,1.324684762359018,0.809147396106211,0.809147396106211,0.7173660512803789,-0.3563694869142032,0.7009785276765553,0.6036320775605774,-20.583098501369335,40.4869401346503
210,IT-Lsn,108,1.3291664409388868,1.1962681408907654,1.7293981481481482,1.5630287094415751,0.929473340881308,0.929473340881308,0.8237956659663608,0.40023170720926154,0.6530632712807677,0.5160486574348369,30.111481518187354,49.13329521165624
211,IT-MBo,108,1.6383571218990658,1.4065792377064419,1.212037037037037,1.3687921951055226,0.9135443958106669,0.9135443958106669,0.8104754463710826,-0.42632008486202866,0.5931305212736716,0.4123772550827823,-26.021193985342403,36.20276149476845
212,IT-Ren,108,1.9438749116115275,1.7473641702071188,1.2680555555555555,1.33742775738749,0.7967042582580872,0.7967042582580872,0.3676403561300352,-0.675819356055972,1.0586012845302828,0.8148035822143003,-34.76660725538654,54.45830275429978
213,IT-SR2,108,2.193579736893177,1.1994928539779723,2.16087962962963,1.2568237723409583,0.8015380524307426,0.8015380524307426,0.7973622478843794,-0.03270010726354699,0.5631376670039989,0.5621874553773496,-1.4907188789891443,25.672085565559847
214,IT-Tor,108,1.3652504714483347,1.3909315558169026,0.6708333333333334,0.965820676647198,0.8295402953637641,0.8295402953637641,0.02753349642185743,-0.6944171381150015,0.9480120013778696,0.6453770936813955,-50.86371714476133,69.4386869811636
215,RU-Fy2,108,1.0406513673141735,1.0536427888536153,1.214814814814815,1.4749506448143548,0.9437050788298972,0.9437050788298972,0.8635380338750931,0.17416344750064128,0.5423296033801469,0.5136034387123579,16.736003331273306,52.11443720867347
216,RU-Fyo,108,1.07182058391337,1.0274083505301703,1.2180555555555557,1.4462723327354836,0.8186153944327282,0.8186153944327282,0.7705088382469342,0.14623497164218519,0.6896251184332456,0.6739422356870634,13.643605453840083,64.34146990490945
217,SE-Deg,108,0.6324550163646413,0.9008295883170605,0.7212962962962963,1.0369843883436232,0.8505571874032779,0.8505571874032779,0.8402805974822976,0.08884127993165497,0.41250675786670987,0.4028263301545837,14.047051194615497,65.22309843280293
218,SE-Htm,108,0.929186701346024,0.8266913536021965,1.1662037037037036,1.3054849906914807,0.7259990880541695,0.7259990880541695,0.6448505725181768,0.2370170023576799,0.77438593005874,0.7372221573354393,25.508006304258984,83.34018652408187
219,SE-Nor,108,1.0743011694951146,0.9341174092041372,1.1416666666666666,1.3331590618197615,0.8209849699667245,0.8209849699667245,0.776217536254644,0.06736549717155227,0.627733065663985,0.6241079165647032,6.270634258288277,58.43175856906108
220,SE-Ros,108,0.6190702456928898,0.6984380223850187,0.8067129629629629,1.1147146992683694,0.8730188408774342,0.8730188408774342,0.7496818804830127,0.18764271727007328,0.555123845413666,0.5224487481106248,30.310407999023692,89.67057442606496
221,SE-Svb,108,0.7573687865420541,0.7750571100999404,0.8175925925925924,1.1504228157064205,0.8924891601855303,0.8924891601855303,0.8162813199165321,0.06022380605053861,0.4908108509605902,0.4871020268952345,7.951714821190956,64.80473709531957
