,Site,N,EC average,EC std,MODIS average,MODIS std,r2,r,nse,bias,rmse,urmse,pbias,rrmse
0,AR-TF1,12,1.1550815245803339,0.5860272660511712,1.2596135179924242,0.5584997651675893,0.7997373258034068,0.7997373258034068,0.7374942286306858,0.10453199341209034,0.27396692955054636,0.25324087513797755,9.049750271961893,23.71840633933475
1,CA-Cbo,108,1.5554911403509382,1.45848132362298,1.8038399402006178,1.4729825668596275,0.7833195945725314,0.7833195945725314,0.743580685095949,0.24834879984967936,0.7424256805402514,0.6996561760885694,15.965941136357023,47.729341638856965
2,CA-DB2,39,0.760650540427618,0.6374698564438693,1.281137577700078,0.8779970388604551,0.8898253010181074,0.8898253010181074,0.48195147028721075,0.5204870372724597,0.6237890813838293,0.3438110848780457,68.42656510568642,82.0073145590814
3,CA-DBB,108,0.8774520180473232,0.7557522175409074,1.349191842469837,0.7800343566454508,0.7621199898182894,0.7621199898182894,0.3837653466621439,0.47173982442251405,0.6094903040425963,0.3859274138691784,53.76246389772073,69.4613826746849
4,CA-ER1,108,1.5971806350898703,1.3183576920637785,1.6065851110935752,1.2090757149674825,0.7079658019950467,0.7079658019950467,0.6459148460650561,0.009404476003704497,0.7161225811029146,0.7160608263245491,0.5888173070152034,44.83666814947451
5,CA-LP1,78,0.8826867479875554,0.7220211272978138,0.892625564539627,0.7015056667595284,0.7278502983389489,0.7278502983389489,0.6966345328088148,0.00993881655207175,0.3838948765693947,0.3837661998949035,1.1259732373609708,43.49163250095685
6,PE-QFR,72,2.80589452742115,0.43432822043243086,,,,,,,,,,
7,US-ALQ,117,1.1693542688259249,1.02783840429818,1.5615609800856196,1.3612804812384396,0.8908488073129431,0.8908488073129431,0.7714787122928326,0.392206711259695,0.6479582330904458,0.5157749193907617,33.54045234328217,55.41162762770088
8,US-ARM,108,1.8447485920758606,1.210446435504322,1.30555061246142,0.6399753059457569,0.5151034356851066,0.5151034356851066,-1.5789310530014475,-0.5391979796144409,1.0229704614398447,0.8693296864585689,-29.22880559066814,55.453109753493045
9,US-Bar,144,0.9277228297034138,0.994384356132727,1.7276969565446127,1.37389002262039,0.7292652036224074,0.7292652036224074,0.3709052959761171,0.7999741268411991,1.0859173121501589,0.7343417496044239,86.2298631905981,117.05191220715336
10,US-Bi1,144,2.4261945389226964,1.4564605618664153,2.1093755039629065,1.1731713788656004,0.7569004025601784,0.7569004025601784,0.5454695191230092,-0.31681903495978997,0.7881878540210429,0.7217103243777547,-13.058270055313338,32.486589239914046
11,US-Bi2,144,1.9708818362624616,1.3573182486069986,1.36056347732129,1.1944886193439361,0.6445520692644675,0.6445520692644675,0.27045412775427,-0.6103183589411716,1.0167053088312932,0.8131427831230443,-30.966765622974453,51.58631482237167
12,US-BRG,108,1.828768806120635,1.2291068204710305,1.8734899559834455,1.2165195117404024,0.8915261284300952,0.8915261284300952,0.8857875376938048,0.04472114986281069,0.40921904485078253,0.40676804867582067,2.4454239219925022,22.376751149799976
13,US-BZB,144,0.7341733175397278,0.8331802382073235,1.0866967362426347,0.8899321468444678,0.8817654209136722,0.8817654209136722,0.7237461414109896,0.3525234187029069,0.46612011406132625,0.30495114362559594,48.01637573594208,63.48911121195894
14,US-BZF,144,0.7921109076197725,0.9152298734434074,1.1217241095854378,0.95729711415391,0.7643677454109267,0.7643677454109267,0.638297693874233,0.32961320196566535,0.5737321160454814,0.4695994868736199,41.61200139966834,72.430780907878
15,US-BZo,144,0.8074072859081348,0.9309498219331075,1.007454114714857,0.8488887461573718,0.8809892906389307,0.8809892906389307,0.8000840786212374,0.20004682880672217,0.37823458753184563,0.3210026004408055,24.776445828293294,46.845575229907
16,US-BZS,144,0.7808008606920915,0.7926375281936957,1.0866967362426347,0.8899321468444678,0.8584854312367712,0.8584854312367712,0.7382224087291054,0.30589587555054315,0.45374296151962995,0.335127421214336,39.17719497381203,58.11250785730925
17,US-CF1,108,1.2104201702937953,1.279736615329902,1.2456572013538159,1.0691081824311193,0.8853489085037962,0.8853489085037962,0.8186737356984524,0.035237031060020844,0.4531396049194107,0.45176747690443003,2.9111404390648947,37.436554350331406
18,US-CF2,108,1.1815747177677705,1.0968317961045717,1.2357045827195567,1.0536496440073972,0.8095688864767606,0.8095688864767606,0.7869610444622737,0.05412986495178594,0.4840673022924167,0.4810312992612428,4.581163098517208,40.96798069671938
19,US-CF3,144,1.019344069112851,0.9928600056952904,1.2033146323258628,1.0189508939859189,0.6797735162818271,0.6797735162818271,0.6244744377676117,0.18397056321301186,0.6222426564385054,0.594424726405905,18.047935803768784,61.04343717622762
20,US-CF4,144,1.323813624495733,1.3497623024654648,1.0877216007733586,0.7596509308308048,0.7805467162567034,0.7805467162567034,-0.114764134357346,-0.23609202372237428,0.7992678438978464,0.7636030661435208,-17.834234317712696,60.37616089668993
21,US-CS1,29,1.033304017395381,1.001268667323599,1.3299591007053293,1.1642862769662234,0.8935202258998459,0.8935202258998459,0.8190086253028144,0.2966550833099482,0.48670828004885863,0.38585063355459964,28.709370941740648,47.10213759506035
22,US-CS2,108,1.8211642179104681,1.4941135259089569,1.7264530175890853,1.4192271803088927,0.7912896865019551,0.7912896865019551,0.7601535204167242,-0.09471120032138257,0.6918287490595416,0.6853151147895202,-5.200585394218346,37.98826828770657
23,US-CS3,36,1.3135999031500307,1.2155083926655736,1.4191598274410775,0.9283832543746063,0.8954819707256949,0.8954819707256949,0.7504331791200143,0.10555992429104662,0.45730241352838635,0.44495235677829126,8.035926619506629,34.8129146806245
24,US-CS4,42,0.9265582138164857,1.3514142792431276,1.449639026338245,1.282765425537691,0.8139159285247324,0.8139159285247324,0.6206742883904374,0.5230808125217595,0.7805858414397677,0.5793968583171695,56.45417683657392,84.24574190806004
25,US-DFC,116,1.685069605712443,1.4560015873007102,1.7481355733436823,1.4527588912923484,0.8636270633157248,0.8636270633157248,0.8564092978552353,0.063065967631239,0.5481212346007419,0.544481011190452,3.7426327919893185,32.528106420209134
26,US-DS3,17,3.5258668275315945,2.4596262473126407,2.1276532291238177,1.76399824575823,0.7714214388711659,0.7714214388711659,-0.1624208849318831,-1.3982135984077768,1.8450807662935256,1.2038778041702902,-39.655882278079254,52.3298484187288
27,US-EDN,62,2.8368276103733323,1.485378750876671,,,,,,,,,,
28,US-EML,84,0.8245996584268647,0.6890199020155757,1.006868644593254,0.7609263218698211,0.6374776235656279,0.6374776235656279,0.5679429780845076,0.18226898616638945,0.4971787343959028,0.4625631963498482,22.10393665625745,60.2933471188187
29,US-GLE,100,1.5544562571312803,0.6804630805533805,1.0937453953598482,0.3566056559980819,0.07837539073658155,0.07837539073658155,-4.258647102307484,-0.4607108617714317,0.8136597594357041,0.6706621399563217,-29.63807181178999,52.3436896794573
30,US-Ha1,108,1.373237951685937,1.1350433315644313,1.8194075192024413,1.4302938410920212,0.8637774378738925,0.8637774378738925,0.7471120166861331,0.44616956751650405,0.7159280464282984,0.55989792345103,32.49033184443654,52.134303858216775
31,US-HB1,36,2.375495574171428,1.2854538489801444,,,,,,,,,,
32,US-HB2,36,2.0677281868497217,0.8485035667985554,2.868943339646465,1.3970291184109065,0.8023086796050105,0.8023086796050105,0.38084517743086665,0.8012151527967429,1.0838966150902298,0.7299905144129955,38.748572365182625,52.41968562326346
33,US-HB3,108,1.6272180079104517,0.9180937118635142,2.889859401304714,1.437800576468672,0.6433632005299957,0.6433632005299957,-0.16178810703625968,1.2626413933942626,1.542560220844004,0.8861313371152711,77.59509710783313,94.79739121280014
34,US-Hn2,36,0.775875842716141,0.6423806687322356,0.5978002683080809,0.19621771946176436,0.2561873796850124,0.2561873796850124,-14.879113192285253,-0.1780755744080601,0.7709640331029249,0.7501164110573554,-22.9515554685481,99.36693355524241
35,US-Hn3,36,0.46443507739369205,0.2982681579654461,0.5684229995265152,0.2545825082118113,0.02044353073906195,0.02044353073906195,-1.2092182610554443,0.1039879221328232,0.37310463560878304,0.35832050061817655,22.390195571872102,80.3351542055274
36,US-Ho2,108,1.1328600567543747,1.1291900101990908,1.5401122005646743,1.3288649985766914,0.7996856850172053,0.7996856850172053,0.7029051583079206,0.40725214381029984,0.7209554502829387,0.5949138195189198,35.9490248934251,63.64029219535413
37,US-HWB,24,1.5934243834419295,0.9693365265278875,1.940641719933712,1.0646474767749325,0.8323428930893866,0.8323428930893866,0.7213518411442983,0.34721733649178277,0.5501640586685035,0.4267559169948938,21.790637830065357,34.527151986974324
38,US-ICh,144,0.2878650524628019,0.4456530613410622,0.7042503656102289,0.5784157887840676,0.7776005278733789,0.7776005278733789,0.2433633263759022,0.41638531314742694,0.5013841556407811,0.27930152617330656,144.6460101999469,174.17333273047106
39,US-ICs,108,0.32267109940874117,0.48296159105239866,0.7187676022376541,0.5632583053057719,0.7800929919837835,0.7800929919837835,0.280282991170561,0.39609650282891323,0.47562918828706174,0.26330720688449444,122.75549423382384,147.40371516339678
40,US-ICt,144,0.29980011321020594,0.4290415263594353,0.7065055673673838,0.5821223128406349,0.8727801929127037,0.8727801929127037,0.34235448800087853,0.4067054541571779,0.4704321010657885,0.23642553853586948,135.65887277434578,156.9152513081085
41,US-Jo1,108,0.6837829498884354,0.4918267919204128,0.31300107191708754,0.21509440564930407,0.0018601617805176144,0.0018601617805176144,-8.424896856248925,-0.37078187797134776,0.6572754772621846,0.5427078882587512,-54.22508385619205,96.12340836656199
42,US-Jo2,108,0.7001774761119768,0.44328907256009026,0.320223063973064,0.22315743366094407,0.007197621115558042,0.007197621115558042,-7.209042218122923,-0.37995441213891296,0.6364109068761166,0.510542346027295,-54.26544341996918,90.89279912430912
43,US-KFS,72,1.0674488503805566,0.9236423465324899,1.913443763809975,1.2372902831458843,0.7242430542841795,0.7242430542841795,0.23922233980983454,0.8459949134294182,1.0716757512725192,0.6578613245335749,79.25390646379095,100.39598158642035
44,US-KLS,72,1.2780896834092763,1.2185390851448228,1.5314230192550506,0.8919974018718217,0.33278614053961997,0.33278614053961997,-0.3718511486374463,0.2533333358457741,1.0374806636384506,1.0060757170178256,19.821248785141037,81.17432423607345
45,US-Kon,72,1.8005385012935062,1.4111361067852692,1.8369668856534094,1.3692688781318791,0.7108938857421211,0.7108938857421211,0.6750457114114292,0.03642838435990261,0.7751090361524595,0.7742525367979894,2.0231938574894386,43.048734342288235
46,US-KS3,25,2.434265959701373,0.9166590495174199,,,,,,,,,,
47,US-Me2,108,1.1479621864087406,0.9328171988120355,1.1505832303065378,0.6175087235360588,0.7723965810315908,0.7723965810315908,0.3732667425329944,0.0026210438977971266,0.48659145592768277,0.486584396698772,0.22832144898402468,42.38741150960074
48,US-Me6,126,0.7607270706623668,0.692538089241419,1.0635118859728236,0.4150857989455101,0.5510404828772997,0.5510404828772997,-0.8429774923843847,0.3027848153104568,0.5612645660242844,0.47258784230219136,39.80202979326362,73.7800175213418
49,US-MMS,108,1.4496007032393157,1.3503467193864966,2.053522442304995,1.3636257358700492,0.8306951224079201,0.8306951224079201,0.6265045562972041,0.6039217390656788,0.8295027961629733,0.5686417342458057,41.66124766055504,57.22284725092535
50,US-Mo1,144,1.7796115623567101,1.1119595457934457,1.7714380249560915,1.1568730141372443,0.5190403724229963,0.5190403724229963,0.46103807941567165,-0.008173537400618484,0.8463529343347216,0.8463134660061568,-0.4592877217427383,47.558295992070896
51,US-Mo2,144,1.7327760908298824,1.3284446086828319,1.7936198017838645,1.0888757372663063,0.8862507965001901,0.8862507965001901,0.8054853893613889,0.060843710953981826,0.47856530237794037,0.47468177917151794,3.5113429413053483,27.618415611259966
52,US-Mo3,144,1.5787635901882497,1.0730235963405361,1.846231161145712,1.2861224002753724,0.8605953172604963,0.8605953172604963,0.8083250714611023,0.2674675709574621,0.5611148080372773,0.49326557378842634,16.941584707154895,35.541407942551466
53,US-MOz,72,1.425639904393692,1.368916694188737,2.178069957386364,1.5591497533575158,0.8587081000835378,0.8587081000835378,0.6201654894845863,0.7524300529926717,0.9542187958365432,0.5868411417761946,52.77840853596697,66.93266601865787
54,US-Mpj,108,0.9166151312735518,0.47603731021376067,0.6352816029215769,0.16752534066506153,0.1318326441656686,0.1318326441656686,-8.857681479293136,-0.281333528351975,0.523537640569234,0.4415236198866703,-30.692655919948443,57.11640826197436
55,US-Myb,144,2.7449387428855907,1.8471458512087187,1.552458445507762,0.7562094413963781,0.8489436693341835,0.8489436693341835,-3.9693374870345544,-1.1924802973778288,1.6798794375265265,1.1832098989571225,-43.44287465316057,61.19915943044213
56,US-NC3,108,3.418973849103278,2.1183897673122334,2.699423608919051,1.648308274786641,0.6402572954976139,0.6402572954976139,0.21265672811931435,-0.719550240184226,1.455795961532236,1.265539147345664,-21.045795374332805,42.579909229608745
57,US-NC4,144,3.430294078549165,2.058364235251898,2.4264045155329335,1.3478677410757072,0.6927081376348777,0.6927081376348777,-0.3486917134104375,-1.0038895630162317,1.5598771509739109,1.1939105793138634,-29.265408155350475,45.47356918254826
58,US-Ne1,108,1.7724959076050297,1.5387822616398403,1.7319338458368407,1.3688095294812113,0.8706214014331679,0.8706214014331679,0.833214091410608,-0.040562061768189224,0.556419970302441,0.5549395485063963,-2.288414974283133,31.391890267000242
59,US-NGB,72,0.31128669025224487,0.41412853170991143,0.6359454407354799,0.6042157119220336,0.7445355719454233,0.7445355719454233,0.4202593158773682,0.32465875048323495,0.4568481071866475,0.32141389013962535,104.2957378679295,146.76120807364103
60,US-NGC,72,0.786180550735436,0.5685405471342333,0.8712241062973486,0.8485588396031783,0.3581432196251689,0.3581432196251689,0.34283713123747916,0.08504355556191255,0.683095456171949,0.6777809350373843,10.817305958835815,86.88785998749835
61,US-ONA,108,2.487355721327561,0.8064661726371581,1.6770425939078282,0.6281711089828312,0.6904357979364126,0.6904357979364126,-1.1942271669765323,-0.8103131274197329,0.9261871757450205,0.4485703066920381,-32.577291638336696,37.23581503857809
62,US-Pnp,144,3.229157814555968,2.1162075216677763,,,,,,,,,,
63,US-RGA,24,2.2606379911836734,1.161871262746115,1.5770359848484852,0.8084598632991635,0.6281686293559435,0.6281686293559435,-0.5333616319194661,-0.6836020063351885,0.9800292932495611,0.7022433428390327,-30.239339912059673,43.35188991212239
64,US-RGB,36,2.2179003462857145,1.443410473313477,1.161425675019425,0.9437782230065437,0.2943086282858514,0.2943086282858514,-1.968531144458451,-1.0564746712662894,1.6033322519407476,1.2060412841549721,-47.63400091602637,72.29054518278177
65,US-RGo,19,2.123946791886105,1.243047141819711,1.331979837596614,0.6716549647701135,0.5741684449801039,0.5741684449801039,-2.088028306515883,-0.7919669542894908,1.1488050016821696,0.832190648351324,-37.28751385462954,54.08821944461278
66,US-Rls,144,1.1279347348468771,0.9237115526309586,0.704285309146149,0.3014184476705298,0.1073971202515175,0.1073971202515175,-9.372161220771657,-0.42364942570072794,0.9673669170118178,0.8696665546244678,-37.559746376481655,85.76444071856184
67,US-Rms,108,1.294750294855626,1.2775794123883448,0.9100209889695567,0.38961381662349814,0.2569646781184857,0.2569646781184857,-8.412185018627309,-0.38472930588606896,1.1897606157400564,1.12583910216273,-29.714556344547425,91.89112529784929
68,US-Ro4,144,1.0427666768004502,1.016098027520541,1.7042782593563843,1.486819306208698,0.9089737430229995,0.9089737430229995,0.636739549931501,0.6615115825559342,0.8930052718707538,0.5998840235689747,63.43812065280687,85.63807146300327
69,US-Ro5,108,1.0876402814470505,1.099244257704014,1.6064423641799943,1.2549237768112818,0.8046756200520304,0.8046756200520304,0.631722956637079,0.518802082732944,0.7580270138778502,0.5526747259650383,47.69978563525654,69.69464323896992
70,US-Ro6,144,1.4522075088496276,1.30978063935383,1.489819454814572,1.1369364817517014,0.7169136789888293,0.7169136789888293,0.6225921280141704,0.037611945964944396,0.6960307906942838,0.6950138150535137,2.5899842643520596,47.92915519667348
71,US-Rpf,144,0.7586652779685652,0.9019974284935829,1.2671454206781356,1.2433948814664766,0.8986802596996973,0.8986802596996973,0.6807434472659701,0.5084801427095704,0.7001091567961498,0.4812491827524186,67.02298859268988,92.28169222015698
72,US-Rwf,108,1.3396381563985573,1.3382126854087864,0.8038164084420594,0.3143478578429137,0.00200664190060028,0.00200664190060028,-20.674212923129723,-0.5358217479564976,1.4566733807022803,1.3545450869068383,-39.99749823467141,108.73633105661584
73,US-Rws,108,0.8018222992757946,0.6569122879222093,0.6599920537843715,0.32618419265031035,0.026913148838085117,0.026913148838085117,-3.5859685200436973,-0.14183024549142315,0.6952779499734655,0.680658217597604,-17.688488536615175,86.7122242174407
74,US-Seg,144,0.515249369395671,0.44052159576807676,0.3374162112663089,0.19420708253927682,0.015470452996037207,0.015470452996037207,-6.553838250557013,-0.17783315812936207,0.5319069652447453,0.5012987009215284,-34.51399820982608,103.23291921125721
75,US-Ses,144,0.4973942767432281,0.3811054051205259,0.3243239195338805,0.19134592695608557,0.007565116684853497,0.007565116684853497,-5.137195209322742,-0.1730703572093477,0.47237941447444576,0.43953266394506907,-34.79540583831296,94.97081823446555
76,US-Sne,108,3.3080040041739847,2.005253696997878,1.4136088752104377,0.6680249151076452,0.6010384391357846,0.6010384391357846,-12.4732601666983,-1.8943951289635468,2.440669756481117,1.5388748992562011,-57.26701438611411,73.78073767146353
77,US-Snf,74,2.1095945390450788,1.2068807402842041,,,,,,,,,,
78,US-SRG,144,1.236742943455164,0.9333086325711817,0.524009392300408,0.4390991793770075,0.6449894580318161,0.6449894580318161,-3.756851818384524,-0.712733551154756,0.9543533659292104,0.6346662367880808,-57.62988622061985,77.16667161754529
79,US-SRS,36,1.2127390235487945,0.8665893972169306,0.5037325402462121,0.33007949034879897,0.623867247731908,0.623867247731908,-7.491025087694716,-0.709006483302582,0.9483777882022091,0.6298652520898574,-58.46323648659724,78.20130875536645
80,US-Syv,144,1.3524921946632034,1.2253967956926834,1.550971060009146,1.2702694841984112,0.7657722607979813,0.7657722607979813,0.733161192092302,0.19847886534594256,0.6538936707386025,0.623043395473374,14.675047007969434,48.34731566797949
81,US-Ton,144,1.050426038427879,0.8600719384963833,1.0259785593818798,0.6537707835375888,0.7629362527348851,0.7629362527348851,0.5660813983537206,-0.024447479045999324,0.4291572120003046,0.42846030548951647,-2.327386998382929,40.855538257848515
82,US-Tw1,108,2.432531287821893,1.9342937225137464,1.1789791030969416,0.48134962593948916,0.6609349311881251,0.6609349311881251,-16.459773978267204,-1.2535521847249511,2.0019810321725964,1.5609404131324673,-51.53282882734845,82.30031992579983
83,US-Tw3,16,2.1397138939369205,1.2074906948705684,1.4781214488636363,0.4206072057105942,0.7981403091655754,0.7981403091655754,-5.751233560675622,-0.6615924450732839,1.0581662683187767,0.8258397471844275,-30.91966860373099,49.45363355900945
84,US-Tw4,129,2.5520807899003324,1.9937463598380114,1.1229408455925534,0.46878750611351055,0.662315167799377,0.662315167799377,-20.531988177041836,-1.4291399443077788,2.166846887733283,1.6287370734601012,-55.999008729014086,84.90510552441822
85,US-Tw5,60,3.139745274311243,2.0002895618616443,1.3085783025568183,0.4864009561385432,0.7182574215801771,0.7182574215801771,-24.354896747563544,-1.8311669717544248,2.428710351051014,1.595450247064468,-58.32215074059225,77.35373856351431
86,US-UMB,144,1.1740071311705453,1.2703637212135295,1.8304710845433507,1.4370193581065713,0.8798148720016831,0.8798148720016831,0.6667565500383719,0.6564639533728047,0.8266662404880343,0.5024262643261881,55.91652179474212,70.41407318061225
87,US-UMd,144,1.0848860621996042,1.1608976842556957,1.8332177569970538,1.3977658872608314,0.8752506520996483,0.8752506520996483,0.5755905678226771,0.7483316947974497,0.90743123359724,0.5132554123137768,68.97790660894,83.64299857972414
88,US-Var,144,0.850572381235859,0.8856635285414018,1.1006023343157132,0.865464452010031,0.8647477956813499,0.8647477956813499,0.7719753076914948,0.25002995307985426,0.41183850270053074,0.3272552136628245,29.395493975076807,48.41898370861047
89,US-Vcm,144,1.2202601419622758,0.8122179041489398,0.7647461101904462,0.2692447760562853,0.03761299594679134,0.03761299594679134,-10.812363340064236,-0.4555140317718297,0.922151882162334,0.8017924049493782,-37.32925596007149,75.57010595129658
90,US-Vcp,144,1.3544071299740261,0.8728161689814701,0.8742258604929505,0.3597037051238243,0.4941354028845706,0.4941354028845706,-4.270965481999552,-0.48018126948107565,0.822956292044129,0.6683434798474244,-35.45324436458661,60.761367378500964
91,US-Whs,108,0.7565419341678005,0.4616115789617443,0.4083254528794893,0.25019407772154656,0.10198486593610165,0.10198486593610165,-4.180833905130988,-0.34821648128831106,0.5668352775156335,0.44726671460708145,-46.02738666050954,74.92450212150564
92,US-Wjs,144,0.8257318653317254,0.5936041271273577,0.44700686059816924,0.20507668077980065,0.05478020272612861,0.05478020272612861,-10.457784586710872,-0.3787250047335562,0.6917567074039421,0.5788736589515118,-45.86537357152968,83.7749802868561
93,US-Wkg,144,0.8498538176772541,0.6959788572065693,0.4460910487082362,0.35382741042277066,0.31736957948501276,0.31736957948501276,-2.9641324494059997,-0.40376276896901797,0.7020245907000895,0.5742944822493941,-47.509672907341525,82.60533471730487
94,US-xAB,51,1.2951165990652844,0.8368422104943547,1.6294476242201428,1.3435966485978637,0.8702859515288791,0.8702859515288791,0.7109964318535358,0.33433102515485846,0.7151883449621156,0.6322318675838411,25.814743274555582,55.22192715916725
95,US-xAE,107,1.4276789175630606,1.0728847241552106,1.1181009717502124,0.5219072994186734,0.6174616351124472,0.6174616351124472,-1.3503820114527634,-0.30957794581284825,0.7963860463433722,0.7337521586181025,-21.684003455151828,55.781873399289424
96,US-xBA,108,0.19489590933914855,0.3342054843582594,0.668972537878788,0.6622953897915592,0.7585404890120871,0.7585404890120871,0.10717589832604357,0.47407662853963944,0.6228947862930032,0.4040411675355556,243.2460640898696,319.6038277073694
97,US-xBL,88,1.4728202857194128,1.0007867087723292,2.2343389102315774,1.7129008884520747,0.7134482360876359,0.7134482360876359,0.4457212452102466,0.7615186245121641,1.2679865334454976,1.0138437914788605,51.70478923300498,86.09241370043581
98,US-xBN,108,0.6565491123160255,0.6922408302385645,1.3673068795594838,1.455863292660627,0.7794248506798037,0.7794248506798037,0.37290778563694593,0.7107577672434582,1.1475359807389722,0.900922984163268,108.25660318634924,174.78296127626373
99,US-xBR,144,1.438228610093012,1.2135593048045936,1.7276969565446127,1.37389002262039,0.8803152080671599,0.8803152080671599,0.8325939942213946,0.289468346451601,0.5601756923039971,0.4795882428196486,20.12672703214274,38.94900215256946
100,US-xCL,123,2.020911543699647,1.4560494002998756,1.7497998852857848,0.9390327953695986,0.6679447828313868,0.6679447828313868,0.04616926916159836,-0.2711116584138621,0.9133637581417496,0.8721994171970682,-13.415315443126362,45.1956326831441
101,US-xCP,144,0.7678060347572047,0.659622751489728,0.7960635324600169,0.2592200981113738,0.11845441278993563,0.11845441278993563,-4.7355865484523045,0.028257497702812193,0.61864906673967,0.6180033831634258,3.680291170379739,80.57361348238152
102,US-xDC,144,1.1589207033505613,1.2325205162239912,1.2280460207291262,0.9978018150081192,0.875922193113935,0.875922193113935,0.7814916081615702,0.06912531737856473,0.4647989332569059,0.4596300021256994,5.964628742822195,40.10618948415741
103,US-xDJ,108,0.7519539378943227,0.6752077405988424,1.0424089856902357,0.6538795505383723,0.8316021248225371,0.8316021248225371,0.6178745771542478,0.29045504779591297,0.4023284394375531,0.27839547120980757,38.62670745621291,53.504399559922916
104,US-xDL,144,2.5089376369525045,1.658776964853547,2.3460963045923986,1.3927137868916766,0.7804929484769052,0.7804929484769052,0.6721181032798007,-0.16284133236010626,0.7947076010214821,0.7778450177230067,-6.490449581596711,31.675063952039007
105,US-xDS,111,1.8265842083485133,0.9351344191024941,2.1955623485701614,0.8543306573333425,0.6587873266530596,0.6587873266530596,0.3905152245717948,0.3689781402216479,0.6639605486870793,0.5519952375260329,20.200445100489265,36.349846103585456
106,US-xGR,114,1.8181499204376135,1.380012861022301,2.2115650024089577,1.4380640293467308,0.7951935566343288,0.7951935566343288,0.7150793186958566,0.3934150819713445,0.7642351461912954,0.6551945756426185,21.638209123956774,42.03367046911898
107,US-xHA,144,1.4420087034817566,1.2675021711416115,1.8225437726878155,1.424870565294513,0.8724994121798718,0.8724994121798718,0.7986940730443621,0.3805350692060594,0.6370748616370557,0.510937804859078,26.389235258237377,44.17968214053263
108,US-xHE,123,0.6603827316606516,0.6204269524747331,1.0875894135716924,0.7928917100383748,0.8930796447953758,0.8930796447953758,0.5739791921653796,0.42720668191104094,0.5154145122354353,0.2883514701773696,64.69077118911825,78.0478482439013
109,US-xJE,144,2.265687386233272,1.0806711597591336,2.718455939857307,1.384072992676347,0.6729340053455951,0.6729340053455951,0.5636101495005656,0.4527685536240356,0.9111357508698372,0.7906762886051034,19.98371692295855,40.21453958767938
110,US-xJR,108,0.7048867887688313,0.5929717454409708,0.3661246369612255,0.23657992852869866,0.022870224026420156,0.022870224026420156,-7.5936561552218915,-0.3387621518076057,0.6903143378999049,0.6014765910763817,-48.0590865377537,97.93265371104785
111,US-xKA,144,1.501661467374496,1.0760446447054521,1.6594550346210504,1.0508852651888414,0.6810276635115603,0.6810276635115603,0.6188435305510767,0.15779356724655427,0.646537505310025,0.6269863921235593,10.507932092207204,43.05481091157189
112,US-xKZ,144,1.4468272238392703,1.3181065466252653,1.8715906529993442,1.3906943476176206,0.8439901646906001,0.8439901646906001,0.7492010048804087,0.4247634291600742,0.6940349773920531,0.5488720972064095,29.358269056683277,47.9694441711137
113,US-xMB,108,0.7152006957236033,0.3646527846654737,0.5234952826879911,0.32791932551189523,0.003785235328630069,0.003785235328630069,-1.7183851925931601,-0.19170541303561237,0.5381489795034233,0.50284526323057,-26.804422056896165,75.24447091860723
114,US-xML,103,1.2545436338551437,0.9123463636629419,1.9304532238342158,1.2813719275439315,0.7270431238963151,0.7270431238963151,0.42628513953191616,0.6759095899790725,0.9658389785243605,0.6899211249203072,53.87692956537825,76.98727668454148
115,US-xNG,144,1.0438863023256104,1.1143389218860547,1.0669377955486352,0.6701338419504487,0.8585050567511178,0.8585050567511178,0.3151688347684456,0.023051493223025032,0.5526371562967997,0.5521561873057316,2.2082379251140685,52.94035902814446
116,US-xNQ,144,0.5710251909324675,0.5021152507465955,0.5532732270622895,0.33734139608954405,0.0035319041037762096,0.0035319041037762096,-2.041350654363902,-0.017751963870177936,0.5862591827401766,0.585990355830138,-3.1087882202166064,102.66783183117236
117,US-xRM,144,1.4535523230065555,0.8492637494083902,1.0254750138099746,0.38192422802441145,0.3898078554938593,0.3898078554938593,-3.433023879288,-0.4280773091965806,0.8013348258652164,0.6774122234617942,-29.450423106279196,55.12941042312946
118,US-xSB,92,1.849146067522917,0.8001546708739787,1.9734428009716733,0.5819230096873476,0.4640721887627792,0.4640721887627792,-0.06339673456708961,0.12429673344875647,0.59681533481344,0.5837284179500319,6.721845052254967,32.2751861140382
119,US-xSC,56,1.867668531431434,1.2289623054077043,2.2497662591314938,1.5005534819554402,0.8179227718263982,0.8179227718263982,0.7446128459069047,0.3820977277000598,0.751516178562805,0.6471305070293724,20.458540756544696,40.238198904964236
120,US-xSE,133,1.9253453022942515,1.324846299486561,2.2957456496354522,1.4811212191311518,0.6982763542471369,0.6982763542471369,0.6317975961134124,0.3704003473412009,0.895354578479171,0.8151462469355617,19.23812559231998,46.50358444338591
121,US-xSJ,101,0.859201474261012,0.5533487948778664,0.8378348093222786,0.6759023086654712,0.5651185640399486,0.5651185640399486,0.5596285613573402,-0.021366664938733584,0.44630609203750077,0.445794339824074,-2.4868049670318335,51.94428843611597
122,US-xSL,108,0.8932373384369408,0.7691092519547437,0.8605031324530024,0.43971678756391386,0.386449878743353,0.386449878743353,-0.8902883787048275,-0.03273420598393857,0.6017513728510128,0.600860371872434,-3.6646705836569198,67.36746740838288
123,US-xSR,144,0.8064166518021028,0.5520249072722143,0.37832294550067985,0.25451111194522696,0.4230569953675634,0.4230569953675634,-4.731875432780176,-0.4280937063014228,0.6072141631554839,0.4306330439733182,-53.08592094976709,75.29782052472997
124,US-xST,144,1.2650117101686333,1.3540294686702445,2.0554383863929764,1.8430048299961301,0.8779542248961497,0.8779542248961497,0.6518026219169901,0.790426676224343,1.0837422239504413,0.741432989208051,62.48374381601374,85.67052899502188
125,US-xTA,144,2.072393112962276,1.134228300899134,2.2419689008727093,1.3147353991294128,0.7268542399752784,0.7268542399752784,0.7099988601261493,0.16957578791043368,0.7055454274201284,0.6848637837614187,8.182607192128827,34.044961016668445
126,US-xTR,144,1.2134895158998467,1.2626943381934828,1.7207983170800556,1.4002616130308274,0.8858859641451742,0.8858859641451742,0.7521528565570428,0.5073088011802087,0.6946849892760606,0.47457877593775716,41.80578361272621,57.24688842992817
127,US-xUK,144,1.6857978551443413,1.485309377889403,2.6293263830715006,2.051534344784577,0.8524165226784158,0.8524165226784158,0.5997103926937029,0.9435285279271591,1.2934591635174486,0.8847544996635315,55.96925663702261,76.72682460535577
128,US-xUN,144,1.1473340325812496,1.2195536478245301,1.7090568710441758,1.390349086320018,0.907270705149986,0.907270705149986,0.7372227759185184,0.5617228384629266,0.7102389551281284,0.4346341290449342,48.958962474003634,61.90341565396145
129,US-xWD,108,0.8920712642460985,0.9753004466116519,1.14016147216017,0.8935741214869648,0.8238964920442661,0.8238964920442661,0.7123208168617157,0.24809020791407158,0.47705100198493455,0.4074664492102175,27.810581716667667,53.47678163224962
130,US-xYE,109,1.01360464225768,0.8998088476539254,1.1138934680810397,0.6681381653783317,0.5854821706308703,0.5854821706308703,0.22451626059879115,0.10028882582335974,0.5856676782537675,0.5770171407905752,9.894274517131125,57.78068231310233
131,AU-ASM,180,0.48155863859759257,0.7334851677516804,0.29605474010942756,0.2830841704832361,0.4263429157002786,0.4263429157002786,-3.7617017219643714,-0.1855038984881649,0.6160088359982303,0.587413984914887,-38.52155970628917,127.91979763714488
132,AU-Boy,180,0.9948265286031911,0.3768909695006888,0.9317062618371214,0.24683940166820736,0.18413370529057238,0.18413370529057238,-1.086696237798476,-0.06312026676606987,0.3555775755844858,0.3499303418995285,-6.3448515847979365,35.742671245784194
133,AU-Cpr,180,0.5147106374971924,0.2550783697607305,0.48579281749789566,0.21187545835412183,0.09487585065801092,0.09487585065801092,-0.7264714417542208,-0.028917819999296688,0.27761991534782177,0.2761097192860476,-5.618267409414951,53.93708525197055
134,AU-Cum,180,1.9384241777840445,0.7085189969497809,1.8522779158775253,0.7944360824743472,0.6995763972464999,0.6995763972464999,0.6846780162860593,-0.08614626190651925,0.44486306440244155,0.4364423989818866,-4.444138847102051,22.94972738686108
135,AU-DaS,180,2.4321920893625233,1.1457359974855643,1.8700089238741586,1.3223174202323702,0.7681867386029281,0.7681867386029281,0.5863244411270774,-0.562183165488365,0.8481172831559408,0.6350220582226227,-23.11425844805346,34.87048933615404
136,AU-Dry,180,1.9826964809449596,1.1991641022340975,1.4058807607323234,1.126548514876034,0.6949198849190111,0.6949198849190111,0.37800341225862955,-0.5768157202126365,0.8860009007299097,0.6725185655502668,-29.092487214065372,44.686663301467036
137,AU-GWW,180,0.6402470097365491,0.3973046340786784,0.5321106310500842,0.15016270152194883,0.00015511102990049399,0.00015511102990049399,-7.5877899273752565,-0.10813637868646499,0.43882669802490426,0.42529447974787776,-16.889790509285046,68.54021828317074
138,AU-Lit,180,2.9968493438614714,0.793618570197083,2.1084558409617,1.266901772191157,0.5218531655517019,0.5218531655517019,0.018168055762272872,-0.8883935028997715,1.2518485353407633,0.8819760424412265,-29.644249709098396,41.7721544095955
139,AU-Lon,132,0.7940679535103794,0.757348725188934,2.2354648401629937,1.2474281028770562,0.3224390984282528,0.3224390984282528,-1.0244654108451305,1.4413968866526143,1.7681511450736502,1.0240768950491028,181.5205966039245,222.67000415481928
140,AU-Rgf,180,0.7918110042491528,0.4984882516991989,0.8968082057554715,0.6126209145604331,0.4783007722535894,0.4783007722535894,0.4338524933321234,0.10499720150631868,0.459670763092019,0.4475184891347402,13.260386751745628,58.05309103122518
141,AU-Stp,180,0.8369941482870502,0.8304228108126896,0.5561200349852694,0.8290333936269568,0.7184226134301912,0.7184226134301912,0.5792579170676176,-0.28087411330178075,0.5362536529746439,0.45681255762685447,-33.55747634276816,64.06898472015766
142,AU-War,144,1.6605930195682128,0.8163967084919261,1.6781030273437503,0.9473702584323694,0.6253584457756127,0.6253584457756127,0.6199799284071194,0.017510007775537365,0.5819823138353503,0.5817188438110363,1.0544430555350832,35.04665544039666
143,AU-Whr,99,1.364668425007927,0.48372023132503944,1.2300720270890728,0.3471090834919188,0.568168840039132,0.568168840039132,0.0069314050669191385,-0.13459639791885458,0.3441525908388291,0.316740927965345,-9.862937798833642,25.218769961416083
144,AU-Wom,122,2.5747010776011434,1.1949114046645906,2.3928316625527826,1.1928742838792386,0.8326051791511874,0.8326051791511874,0.8012050333530328,-0.1818694150483616,0.5296758083101694,0.4974735950570624,-7.063709905221692,20.5723224695144
145,BE-Bra,216,1.1191126198972583,0.8963149719508176,1.5270340119949497,1.1924658664325778,0.8365677562672548,0.8365677562672548,0.692436678446926,0.40792139209769124,0.6597897769076791,0.5185775617793029,36.45043267719928,58.956512970808255
146,BE-Lon,216,0.9209194829872602,0.8129713033002612,1.3695353601115319,1.1399030319763968,0.6640357844329721,0.6640357844329721,0.49808795706639264,0.4486158771242717,0.8057013129526095,0.6692521202697673,48.71390880656151,87.48879004482473
147,BE-Vie,216,1.144517927707277,0.9323792746689061,1.5278121492704826,1.249735394270312,0.8138076067077493,0.8138076067077493,0.6949529471062157,0.3832942215632058,0.6886425301970901,0.572113689848885,33.489577776298276,60.168784911617216
148,CH-Aws,72,1.1266024667590353,1.05239687698381,1.6192402541035353,1.0176147913717324,0.6656993502955154,0.6656993502955154,0.38039128370286857,0.4926377873445003,0.7954357324024979,0.6245206280524391,43.72773909875245,70.6048278671691
149,CH-Cha,216,1.851376970876768,1.177665060645636,2.3150169775007017,1.4900095351875007,0.7702835690469538,0.7702835690469538,0.66539060395797,0.46364000662393384,0.8599049878430336,0.724206139421012,25.04298227304648,46.446779957287845
150,CH-Dav,216,1.2834885370569367,0.6340641699050675,1.432260462699916,0.7277177679257353,0.5727754419495352,0.5727754419495352,0.5176798610670683,0.14877192564297917,0.5042234401480006,0.4817760804929654,11.59121576450663,39.285387098524026
151,CH-Fru,216,1.6702352531287983,1.1361419217907385,1.9215028979026374,1.3336960079938622,0.8557935082017496,0.8557935082017496,0.8147734165245838,0.25126764477383934,0.5726652939260007,0.5145970360944186,15.043847524062715,34.28650502096907
152,CH-Lae,216,1.7351272828841557,1.2914871092661937,1.8607278514309766,1.335093755799539,0.8691983683828629,0.8691983683828629,0.8590797650435271,0.12560056854682064,0.5000239406371446,0.48399218835743013,7.238694808489519,28.817709546126032
153,CH-Oe2,216,1.410140139217481,1.1922007272445865,1.5855988816112514,0.9394290776336842,0.8162336167954087,0.8162336167954087,0.6475148792001757,0.17545874239377054,0.5564507697198368,0.5280640953893715,12.44264577073429,39.4606716201004
154,CZ-BK1,216,1.338438537660293,1.0297345933827733,1.432209124666807,1.0488055169537254,0.7763519515979923,0.7763519515979923,0.7581790204220729,0.09377058700651429,0.5145579655191739,0.5059416734087884,7.00596884862815,38.444646581879354
155,CZ-Lnz,216,1.5696833303454132,1.3934544219952962,1.8569262393904322,1.4205442439438352,0.8504515905691223,0.8504515905691223,0.8059247647589756,0.2872429090450188,0.6243558420209503,0.5543570407860308,18.299417690943447,39.77591084461342
156,CZ-RAJ,216,1.019956433320239,0.7216427649722603,1.3243554577897028,0.9887660827778175,0.7365206468450743,0.7365206468450743,0.6248257590456086,0.3043990244694635,0.6042301906928004,0.5219534052448522,29.844316337959732,59.24078430741053
157,CZ-Stn,216,1.260692067039623,1.2109027058074135,1.766330689709596,1.418925818796098,0.9070794710767737,0.9070794710767737,0.7696976714490597,0.5056386226699731,0.6793619360231637,0.4537204242499491,40.108019705186344,53.88801546268568
158,CZ-wet,216,1.2621459430151971,1.09106884993973,1.3831028601992146,1.017514488231245,0.8289603738259478,0.8289603738259478,0.788579101327006,0.1209569171840176,0.46677427539522853,0.4508299550341341,9.583433504928772,36.98259127467704
159,DE-Akm,130,1.6958847668054917,1.1413362938267886,,,,,,,,,,
160,DE-Geb,216,0.9122720285413976,0.8310395412844096,1.138191265958193,0.907329464051072,0.5361832006754185,0.5361832006754185,0.4401613042072696,0.22591923741679545,0.6773120859124838,0.6385234215658291,24.764459541526275,74.24453065774868
161,DE-Gri,216,1.178953048270572,0.9330011731593163,1.788150789579826,1.399741859164281,0.8331972688554841,0.8331972688554841,0.5822623574982426,0.6091977413092543,0.9025933104998086,0.6659975946973884,51.67277375489192,76.55888517560894
162,DE-Hai,216,0.810019168954759,0.7810063088904357,1.5156799439709596,1.1508501225977934,0.8525284600734315,0.8525284600734315,0.4149352907127085,0.7056607750162007,0.8782397179684391,0.5228268095849891,87.11655255353755,108.42209068974397
163,DE-HoH,216,1.4936123598557,1.1193474725710262,1.6231933703352976,1.2988920734943392,0.855797216802267,0.855797216802267,0.8417886334437581,0.1295810104795976,0.515447291381254,0.498893447456827,8.675678774653191,34.51011154132737
164,DE-Hte,36,1.5573378220586274,1.2700002063808895,1.6812450678661617,1.4777355290765717,0.8718305979463459,0.8718305979463459,0.8590791779498125,0.12390724580753448,0.5469744886113872,0.5327551835769219,7.956349871715238,35.122404456108804
165,DE-Hzd,216,1.3416545673978975,1.0129432501032982,1.3937846345398428,1.0733264899626938,0.7437483884925704,0.7437483884925704,0.7347633631381578,0.05213006714194561,0.5514942117533789,0.5490248825848031,3.8855058827139435,41.10552933330573
166,DE-Kli,216,1.1328305089178807,1.0577547325811854,1.402288586823092,1.147520129236927,0.6909462495917679,0.6909462495917679,0.6273524416194126,0.26945807790521126,0.6988787037777004,0.6448440019459186,23.78626597571132,61.69313928923876
167,DE-Obe,216,0.8175204640461102,0.7262493571857291,1.2870461779250844,0.9203655961825203,0.7649954869390909,0.7649954869390909,0.496211446766176,0.4695257138789742,0.651743754688318,0.45201274957866644,57.432900401682396,79.7220110506687
168,DE-RuR,216,1.5097658641511937,1.0613490118009932,1.7341237132610832,1.2711994894244967,0.9047935564215221,0.9047935564215221,0.8599762061457398,0.22435784910988954,0.47457732531081076,0.4181951616673095,14.860439915696855,31.433835972813117
169,DE-RuS,216,1.4062721148093176,1.046869535990573,,,,,,,,,,
170,DE-RuW,216,1.7773340144679448,0.789228603323112,1.488205689709596,1.156251651998762,0.3036876580585764,0.3036876580585764,0.22357721452768453,-0.2891283247583487,1.0164683410647284,0.974480733626536,-16.267528917174353,57.190619927960704
171,DE-Tha,216,0.872399810502313,0.7666730523916766,1.4853566590382996,1.1664520822533502,0.7901095875745275,0.7901095875745275,0.459043281534938,0.6129568485359869,0.8559344700489901,0.5974175414656628,70.26100202647416,98.11263823592049
172,DK-Sor,216,1.199337838694801,1.2043356165019141,1.5414929349922841,1.2713193280247226,0.8927248458622953,0.8927248458622953,0.8199488023929736,0.3421550962974829,0.5382016331336404,0.41544059501374914,28.528666840849343,44.87489811205716
173,ES-Abr,216,0.830114869935271,0.5528113962807917,0.8655281657723064,0.5039371948172856,0.7356796281548698,0.7356796281548698,0.6734696241311577,0.035413295837035376,0.2872966504459457,0.28510570642380795,4.266071735324626,34.60926443449302
174,ES-LM1,216,1.3368941920882291,0.8472413498632879,1.0779589734147026,0.644952897883025,0.5030706879882285,0.5030706879882285,-0.02413212514927987,-0.2589352186735266,0.6511759428402114,0.5974802599787974,-19.368415257236606,48.70811367824662
175,ES-LM2,216,1.2198240020827706,0.8033015547216413,1.0468875605008419,0.5887971225976534,0.49240437050256713,0.49240437050256713,-0.03329444080695465,-0.17293644158192875,0.5971316347612448,0.5715410539984129,-14.177163368375354,48.952277848417566
176,FI-Hyy,216,0.8746993029698784,0.9254684384250147,1.069421603184624,1.1026430848880966,0.9260830401483562,0.9260830401483562,0.8796194505712699,0.19472230021474565,0.3816853343010506,0.3282787233732689,22.261627459128228,43.636176798713485
177,FI-Let,216,1.043605220340507,1.123021100049699,1.1751159599466892,1.2375177428024335,0.7844292564380582,0.7844292564380582,0.7726082809115171,0.13151073960618206,0.588750258977031,0.5738743702359917,12.601579317826024,56.41503582982594
178,FI-Sii,216,0.8812917786230072,1.0861270762184514,,,,,,,,,,
179,FI-Var,216,0.4460912133751441,0.5244737039310629,0.8950091956895343,0.8351747383234878,0.8011448451442627,0.8011448451442627,0.4395448863662542,0.4489179823143901,0.6237924615840718,0.4331162433849514,100.63367509928263,139.83518233063432
180,FR-Bil,216,1.767258455772164,1.214420704650612,1.9727179674347641,1.0728412406600767,0.6473401945669489,0.6473401945669489,0.5033079270437526,0.20545951166260026,0.7543474533437479,0.7258281266481504,11.625889297150332,42.68461417626391
181,FR-EM2,36,1.2398346559382558,1.1150845630801909,1.2886602351641416,0.8655926732852719,0.922953144832834,0.922953144832834,0.8124059258084413,0.048825579225885415,0.3696629298673877,0.3664242684804024,3.9380718220798747,29.815502260472147
182,FR-Hes,216,1.4190122911071201,1.316474717036627,1.7324356411335577,1.3269949641794843,0.8652578553602323,0.8652578553602323,0.805383420696391,0.3134233500264377,0.5840520418660552,0.4928311995664574,22.087430249240708,41.15905447234534
183,IT-BCi,216,1.989373434936302,1.0835086838458186,1.2980172602763749,0.49004576309410186,0.23634361212854216,0.23634361212854216,-4.738492634428745,-0.691356174659927,1.1711914879003038,0.9453656123901061,-34.75245836295505,58.872379983188246
184,IT-Cp2,216,1.1610186356305259,0.6981068144732472,2.215064479429714,1.0744541960002825,0.34366548638329225,0.34366548638329225,-0.6272155911006598,1.0540458437991882,1.3674227750926715,0.8711098696558319,90.78629846684218,117.77784896192055
185,IT-Lsn,216,1.3291664409388868,1.193482879507749,1.4220902492810044,0.6528882662092786,0.8248331293310582,0.8248331293310582,-0.04155303445380576,0.09292380834211787,0.6647707652188736,0.6582441311040182,6.991134103301543,50.014109952196634
186,IT-SR2,216,2.1935797368931764,1.196700084521702,2.1821879493721945,1.290217138698611,0.8837681366658158,0.8837681366658158,0.8835317847256717,-0.01139178752098242,0.43929764108438607,0.43914991135076287,-0.5193240678415868,20.026518010536268
187,IT-Tor,216,1.3652504714483347,1.3876930611881386,1.6233106235970822,0.8947258229732189,0.5908743373248022,0.5908743373248022,-0.10467324688229485,0.2580601521487472,0.938208243205704,0.9020197700117769,18.902037211895813,68.72059470599558
188,NL-Loo,36,1.7572868209692023,0.7118559966656879,1.3535499526515153,1.0054121106718983,0.14710858359086584,0.14710858359086584,-0.12403709190599654,-0.403736868317687,1.051035064964284,0.9703974695687861,-22.975012587587305,59.810103417528794
189,RU-Fy2,216,1.0406513673141735,1.0511896009177548,1.2750724366056398,1.203393820772407,0.8972207753309337,0.8972207753309337,0.853666074360636,0.23442106929146625,0.45927482801311076,0.39494319834467084,22.5263788291064,44.13339975696734
190,RU-Fyo,216,1.0718205839133703,1.0250162440236894,1.2448823083263187,1.169613254514402,0.7861250348320818,0.7861250348320818,0.764024218568316,0.17306172441294837,0.5668502624920211,0.539785938711347,16.146519950295716,52.88667441171634
191,SE-Deg,216,0.6324550163646413,0.8987321941131569,1.0561777497194165,1.0162793050317656,0.7371542271819583,0.7371542271819583,0.5618471101448161,0.42372273335477506,0.6711479632071593,0.5204792347015168,66.99650131488217,106.11789705850155
192,SE-Htm,216,0.9291867013460239,0.8247665748472028,1.3910478482744109,1.2343787776927129,0.8383844111619604,0.8383844111619604,0.6364924892619201,0.46186114692838703,0.742501773141871,0.581371795047556,49.705957506638114,79.90878174066414
193,SE-Lnn,36,0.6452448424561337,0.7417485390663151,1.1404825599747475,0.9992091818918325,0.8741190154080691,0.8741190154080691,0.5843539710367283,0.49523771751861406,0.6351861293976977,0.397744920930717,76.75190639780779,98.44110136236853
194,SE-Nor,216,1.0743011694951146,0.9319425112375975,1.1861219727658527,1.1864335805819466,0.8576787804142819,0.8576787804142819,0.8289832106478447,0.11182080327073857,0.489502776109972,0.4765596245752007,10.40870162352058,45.56476247159089
195,SE-Ros,216,0.6190702456928897,0.6968118548179958,0.9624793288790685,0.9234211730172049,0.8643609676847289,0.8643609676847289,0.6947529278024921,0.34340908318617874,0.5090001802508342,0.37570119121531914,55.471747443106516,82.22010083542935
196,SE-Svb,216,0.7573687865420541,0.7732525509341446,0.9339997851781705,0.9343246388346513,0.907839509345805,0.907839509345805,0.8562595198596266,0.17663099863611656,0.35341070603399594,0.30610556587598287,23.321663339542557,46.66296159993283
197,BE-Dor,36,0.8547761772761411,0.8274149238412966,1.5703950639204547,1.0969135825206309,0.6767918953686697,0.6767918953686697,0.23434128674234478,0.7156188866443136,0.9463957918869389,0.6193178537546443,83.7200317075669,110.71855031135237
198,BE-Lcr,72,1.1729146815370193,1.1355715347747777,1.2486017071759261,0.8197999717749598,0.7319206009636446,0.7319206009636446,0.44273964522965514,0.07568702563890686,0.6077149198403561,0.6029833314002186,6.452901206737776,51.81237215344512
199,BE-Maa,108,0.787763576341241,0.6266039448882409,1.0766249627349889,0.6942970713695068,0.7927033792406837,0.7927033792406837,0.6178412217206234,0.28886138639374787,0.42721575896126185,0.31475769117771996,36.66853800671533,54.23146890663067
200,CZ-KrP,108,1.2023819620828364,0.9807272402132936,1.4328827883873458,0.9877483264072977,0.7901986293112597,0.7901986293112597,0.7244250378938459,0.23050082630450924,0.5161146559695843,0.46178318200161933,19.170349653717544,42.92435118334112
201,DK-Gds,16,1.5093729969395175,0.7496200880292886,1.0482182173295453,0.942476112588899,0.7526499834300814,0.7526499834300814,0.49206308396022824,-0.46115477960997214,0.6503705670714981,0.4586045614205992,-30.552738159820887,43.088790404374734
202,ES-Agu,108,0.55078296697067,0.3689456936184861,0.9108964208052752,0.29615056304130444,0.3004203440383758,0.3004203440383758,-1.6787911464315184,0.36011345383460497,0.4824607650876366,0.3210711606735482,65.38209702003758,87.59544031312217
203,ES-Cnd,108,1.125312081336846,0.6512450554333085,0.8419370462436868,0.3729537415405093,0.04951769232397524,0.04951769232397524,-2.8547213421885793,-0.2833750350931591,0.7288387820626201,0.6714942737838309,-25.18190640560046,64.76770259115816
204,ES-LJu,108,0.6099063315441766,0.35624459580615403,0.8420712222046858,0.28279373110865635,0.13640154358061796,0.13640154358061796,-1.3367125441937024,0.23216489066050935,0.43028126228146857,0.3622725882745308,38.06566330811951,70.54874495106017
205,FI-Ken,108,0.7511271465051165,0.8099678998024187,0.9058513520622897,0.8412716937639603,0.7575684957918478,0.7575684957918478,0.714888057136431,0.1547242055571731,0.4471198926651297,0.41949567176739583,20.59893671491996,59.52652553505921
206,FI-Qvd,96,1.0575354738827458,0.9976611754647428,1.5603355947166981,1.3667505683394405,0.8643842569732207,0.8643842569732207,0.6877153634013057,0.5028001208339524,0.7597850759914163,0.5696186445233733,47.544515834340736,71.8448784703044
207,FR-Aur,108,0.9132285687967552,0.7846079875683939,1.5085463357533668,0.7952897499305539,0.646301646143345,0.646301646143345,0.047373645425294986,0.5953177669566119,0.7726213275173098,0.49248398154701767,65.1882548682184,84.60328048379985
208,FR-FBn,108,1.388601225339765,0.6203437392073101,1.531494754401656,0.7471340130672187,0.25928261552994664,0.25928261552994664,0.11925698800024387,0.14289352906189048,0.6979159474865638,0.6831311068223339,10.290465430557797,50.260358031572146
209,FR-Fon,108,1.8854558825126364,1.1905815107988962,1.8677738101501125,1.3903020161960409,0.84553426077828,0.84553426077828,0.8413790359198121,-0.017682072362524295,0.5511495488346578,0.5508658362047998,-0.9378141661400443,29.231633258911007
210,FR-Gri,84,0.9516624832049022,0.925986384739006,1.1578836495535716,0.7044099580111357,0.696756592168468,0.696756592168468,0.37977397374251676,0.20622116634866927,0.5514420540306973,0.5114305128787185,21.669569830490822,57.94512905180549
211,FR-Lam,108,1.1488231741141308,0.7985826484254728,1.6428207311833616,1.2792557098679935,0.701162689085952,0.701162689085952,0.5052382594855817,0.4939975570692307,0.8956440178303975,0.747090771114869,43.00031268521,77.96186898136328
212,FR-LGt,108,1.0557961083483423,1.015576372208479,1.5297138485549946,0.833397015486292,0.5726855936726817,0.5726855936726817,0.032996812999789515,0.47391774020665234,0.8157290046275418,0.6639395940204652,44.88724067642529,77.26198251513213
213,FR-Tou,108,1.3916896032471655,0.901414069368891,1.3311319575968015,0.65132173255916,0.8172454332277933,0.8172454332277933,0.5781580466757701,-0.06055764565036411,0.42106628169373034,0.416688834902819,-4.35137587498446,30.255761105872722
214,GF-Guy,108,2.6647928654133173,0.4341756212329932,4.386974278374017,0.7313664980629664,0.034743681661655056,0.034743681661655056,-5.727755117490659,1.7221814129607014,1.8882094260356024,0.7742260764288305,64.62721494466273,70.85764340421767
215,GL-Dsk,36,0.3556938932235992,0.4285648955333507,0.8994657512626263,0.7195387353263013,0.705487475189739,0.705487475189739,0.058359386534266755,0.5437718580390271,0.6884613135095698,0.4222453630344643,152.87635475293268,193.55443729161345
216,IE-Cra,36,0.7397070396823747,0.5872319487190792,1.248373974116162,0.8445291974928977,0.9102716933652691,0.9102716933652691,0.4701823706963886,0.508666934433787,0.606122831163263,0.32961012768284736,68.76599885438499,81.94093048290146
217,IL-Yat,108,0.8024532025487529,0.4644697922130265,0.7937767102448092,0.26851704713087526,0.582761290927261,0.582761290927261,-0.3521655121586358,-0.008676492303943585,0.31078983157854695,0.3106686947439687,-1.081245894014168,38.72996339118791
218,IT-BFt,72,1.6047139669833024,1.0290452771038205,1.866661290640783,1.2617493421414039,0.8706569879522602,0.8706569879522602,0.8131386069078347,0.26194732365748047,0.5416213860736717,0.47406468491235293,16.32361461587541,33.75189580307974
219,IT-Lav,108,1.731369486914203,1.010285485777861,1.568871144167368,1.014493564273296,0.7981380796069673,0.7981380796069673,0.7617423450078546,-0.16249834274683497,0.4928931004439756,0.4653363268323322,-9.38553809426627,28.468394768955555
220,IT-MBo,108,1.6383571218990658,1.4065792377064419,1.8181338888012066,1.1464103709292985,0.8332010609997839,0.8332010609997839,0.7096933607805966,0.17977676690214078,0.6148208703491456,0.5879498419925753,10.972990229001873,37.526669987340085
221,IT-Ren,108,1.9438749116115275,1.7473641702071188,1.4627857897551906,0.891619366227635,0.6728620939405465,0.6728620939405465,-0.9194137137467355,-0.4810891218563367,1.2295432238798674,1.131516591226305,-24.748975306106512,63.252178241270734
